,Path,Country
0,/Users/mattvalko/Documents/Thesis_Data/Honduras/CAS/Bursgrav_CAS_Molina_22434_1_29Aug1968.jpg,Honduras
1,/Users/mattvalko/Documents/Thesis_Data/Honduras/CAS/Bursgrav_CAS_Molina_22434_2_29Aug1968.jpg,Honduras
2,/Users/mattvalko/Documents/Thesis_Data/Honduras/US/Bursgrav_US_Standley_23388_3Sep1949.jpg,Honduras
3,/Users/mattvalko/Documents/Thesis_Data/Honduras/US/Bursgrav_US_Molina_22434_dup_29Aug1968.jpg,Honduras
4,/Users/mattvalko/Documents/Thesis_Data/Honduras/US/Bursgrav_US_Williams_14131_27Jun1948.jpg,Honduras
5,/Users/mattvalko/Documents/Thesis_Data/Honduras/US/Bursgrav_US_Williams_12692_15May1947.jpg,Honduras
6,/Users/mattvalko/Documents/Thesis_Data/Honduras/US/Bursgrav_US_Molina_22434_29Aug1968.jpg,Honduras
7,/Users/mattvalko/Documents/Thesis_Data/Honduras/US/Bursgrav_US_Molina_14435_7Jul1964.jpg,Honduras
8,/Users/mattvalko/Documents/Thesis_Data/Honduras/US/Bursgrav_US_Molina_3369_1Nov1950.jpg,Honduras
9,/Users/mattvalko/Documents/Thesis_Data/Honduras/US/Bursgrav_US_Molina_10777_5Jul1962.jpg,Honduras
10,/Users/mattvalko/Documents/Thesis_Data/Honduras/TEX/Bursgrav_TEX_Molina_14435_07Jul1964.jpg,Honduras
11,/Users/mattvalko/Documents/Thesis_Data/Honduras/TEX/Bursgrav_TEX_Tellez_8696_06Jun1985.jpg,Honduras
12,/Users/mattvalko/Documents/Thesis_Data/Honduras/MO/Bursgrav_MO_Linares_5423_07Jul2001.jpg,Honduras
13,/Users/mattvalko/Documents/Thesis_Data/Honduras/MO/Bursgrav_MO_Hazlett_1744_20Jul1974.jpg,Honduras
14,/Users/mattvalko/Documents/Thesis_Data/Honduras/MO/Bursgrav_MO_Nelson_6206_22Nov1980.jpg,Honduras
15,/Users/mattvalko/Documents/Thesis_Data/Honduras/MO/Bursgrav_MO_Tellez_8696_06Jun1985.jpg,Honduras
16,/Users/mattvalko/Documents/Thesis_Data/Honduras/MO/Bursgrav_MO_Molina_3369_01Nov1950.jpg,Honduras
17,/Users/mattvalko/Documents/Thesis_Data/Honduras/MO/Bursgrav_MO_Williams_12692_15May1947.jpg,Honduras
18,/Users/mattvalko/Documents/Thesis_Data/Honduras/MO/Bursgrav_MO_Davidse_35046_sheet1_16Jun1994.jpg,Honduras
19,/Users/mattvalko/Documents/Thesis_Data/Honduras/MO/Bursgrav_MO_Williams_14131_27Jun1948.jpg,Honduras
20,/Users/mattvalko/Documents/Thesis_Data/Honduras/MO/Bursgrav_MO_Galeano_46_08Sep1979.jpg,Honduras
21,/Users/mattvalko/Documents/Thesis_Data/Honduras/MO/Bursgrav_MO_Davidse_35046_sheet2_16Jun1994.jpg,Honduras
22,/Users/mattvalko/Documents/Thesis_Data/Honduras/MO/Bursgrav_MO_Williams_13306_24Aug1947.jpg,Honduras
23,/Users/mattvalko/Documents/Thesis_Data/Honduras/MO/Bursgrav_MO_Davidse_34949_03Jun1991.jpg,Honduras
24,/Users/mattvalko/Documents/Thesis_Data/Honduras/NY/Bursgrav_NY_Davidse_34949_03Jun1991.jpg,Honduras
25,/Users/mattvalko/Documents/Thesis_Data/Honduras/NY/Bursgrav_NY_Molina_22434_29Aug1968.jpg,Honduras
26,/Users/mattvalko/Documents/Thesis_Data/Honduras/MEXU/Bursgrav_MEXU_Linares_5423_07Jul2001.jpg,Honduras
27,/Users/mattvalko/Documents/Thesis_Data/Honduras/MEXU/Bursgrav_MEXU_Williams_10983_24Nov1946.jpg,Honduras
28,/Users/mattvalko/Documents/Thesis_Data/Honduras/MEXU/Bursgrav_MEXU_Williams_12692_15May1947.jpg,Honduras
29,/Users/mattvalko/Documents/Thesis_Data/Honduras/MEXU/Bursgrav_MEXU_Tellez_8696_06Jun1985.jpg,Honduras
30,/Users/mattvalko/Documents/Thesis_Data/Honduras/MEXU/Bursgrav_MEXU_Tellez_8349_28May1985.jpg,Honduras
31,/Users/mattvalko/Documents/Thesis_Data/Honduras/MEXU/Bursgrav_MEXU_Martinez_36160_16Jul2003.jpg,Honduras
32,/Users/mattvalko/Documents/Thesis_Data/Honduras/MEXU/Bursgrav_MEXU_Duery_167_19Jul2001.jpg,Honduras
33,/Users/mattvalko/Documents/Thesis_Data/Honduras/MEXU/Bursgrav_MEXU_Linares_7332_30Apr2004.jpg,Honduras
34,/Users/mattvalko/Documents/Thesis_Data/Honduras/K/Bursgrav_K_Edwards_349_29Jun1932.jpg,Honduras
36,/Users/mattvalko/Documents/Thesis_Data/Costa Rica/US/Bursgrav_US_Rowlee_102_21Jul1918.jpg,Costa Rica
37,/Users/mattvalko/Documents/Thesis_Data/Costa Rica/MO/Bursgrav_MO_Morales_7258_11Jun2000.jpg,Costa Rica
38,/Users/mattvalko/Documents/Thesis_Data/Costa Rica/MO/Bursgrav_MO_Grayum_4171_19Oct1984.jpg,Costa Rica
39,/Users/mattvalko/Documents/Thesis_Data/Costa Rica/MO/Bursgrav_MO_Hammel_19608_20Aug1994.jpg,Costa Rica
40,/Users/mattvalko/Documents/Thesis_Data/Costa Rica/MO/Bursgrav_MO_Poveda_1136_12Oct1975.jpg,Costa Rica
41,/Users/mattvalko/Documents/Thesis_Data/Costa Rica/MO/Bursgrav_MO_Chavarria_219_08Jun1991.jpg,Costa Rica
42,/Users/mattvalko/Documents/Thesis_Data/Costa Rica/MO/Bursgrav_MO_Jimenez_3336_23Jul1965.jpg,Costa Rica
43,/Users/mattvalko/Documents/Thesis_Data/Costa Rica/MO/Bursgrav_MO_Zamora_1040_26Jul1985.jpg,Costa Rica
44,/Users/mattvalko/Documents/Thesis_Data/Costa Rica/MO/Bursgrav_MO_Acosta_2485_28Nov2000.jpg,Costa Rica
45,/Users/mattvalko/Documents/Thesis_Data/Costa Rica/NY/Bursgrav_NY_Rowlee_102_21Jul1918.jpg,Costa Rica
46,/Users/mattvalko/Documents/Thesis_Data/Costa Rica/NY/Bursgrav_NY_Jimenez_3336_23Jul1965.jpg,Costa Rica
47,/Users/mattvalko/Documents/Thesis_Data/Costa Rica/NY/Bursgrav_NY_Brenes_231_02Jun1932.jpg,Costa Rica
48,/Users/mattvalko/Documents/Thesis_Data/Costa Rica/NY/Bursgrav_NY_Chavarria_219_08Jun1991.jpg,Costa Rica
49,/Users/mattvalko/Documents/Thesis_Data/Costa Rica/MEXU/Bursgrav_MEXU_Samain_2012-059_04Aug2012.jpg,Costa Rica
50,/Users/mattvalko/Documents/Thesis_Data/Costa Rica/K/Bursgrav_K_Hammel_19608_20Aug1994.jpg,Costa Rica
51,/Users/mattvalko/Documents/Thesis_Data/Venezuela/Bursgrav_P_Perrin_32_25Aug1975.jpeg,Venezuela
52,/Users/mattvalko/Documents/Thesis_Data/Venezuela/Bursgrav_NY_Jahn_1090a_May1922.jpg,Venezuela
53,/Users/mattvalko/Documents/Thesis_Data/Venezuela/Bursgrav_UDBC_Fernandez_31151_29Oct2012.jpg,Venezuela
54,/Users/mattvalko/Documents/Thesis_Data/Venezuela/Bursgrav_US_Jahn_1090a_May1922.jpg,Venezuela
55,/Users/mattvalko/Documents/Thesis_Data/Venezuela/Bursgrav_MO_Agostini_2588.jpg,Venezuela
56,/Users/mattvalko/Documents/Thesis_Data/Venezuela/Bursgrav_TEX_Weeks_99-VIII-17-6_17Aug1999.jpg,Venezuela
57,/Users/mattvalko/Documents/Thesis_Data/Venezuela/Bursgrav_NY_Bernardi_508_7May1953.jpg,Venezuela
58,/Users/mattvalko/Documents/Thesis_Data/Galapagos/CAS/Bursgrav_CAS_Howell_8741_22Apr1932.jpg,Galapagos
59,/Users/mattvalko/Documents/Thesis_Data/Galapagos/CAS/Bursgrav_CAS_WigginsandPorter_456_10Feb1967.jpg,Galapagos
60,/Users/mattvalko/Documents/Thesis_Data/Galapagos/CAS/Bursgrav_CAS_vanderWerff_1825_03Jun1975.jpg,Galapagos
61,/Users/mattvalko/Documents/Thesis_Data/Galapagos/CAS/Bursgrav_CAS_Harvey_4_2_16Jan1944.jpg,Galapagos
62,/Users/mattvalko/Documents/Thesis_Data/Galapagos/CAS/Bursgrav_CAS_Stewart_1768_01Feb1905.jpg,Galapagos
63,/Users/mattvalko/Documents/Thesis_Data/Galapagos/CAS/Bursgrav_CAS_WigginsandPorter_575_15Feb1967.jpg,Galapagos
64,/Users/mattvalko/Documents/Thesis_Data/Galapagos/CAS/Bursgrav_CAS_Taylor_79_14Mar1939.jpg,Galapagos
65,/Users/mattvalko/Documents/Thesis_Data/Galapagos/CAS/Bursgrav_CAS_WigginsandPorter_244_29Jan1967.jpg,Galapagos
66,/Users/mattvalko/Documents/Thesis_Data/Galapagos/CAS/Bursgrav_CAS_Harvey_4_1_16Jan1944.jpg,Galapagos
67,/Users/mattvalko/Documents/Thesis_Data/Galapagos/CAS/Bursgrav_CAS_Stewart_1765_20Mar1905.jpg,Galapagos
68,/Users/mattvalko/Documents/Thesis_Data/Galapagos/CAS/Bursgrav_CAS_WigginsandPorter_404_08Feb1967.jpg,Galapagos
69,/Users/mattvalko/Documents/Thesis_Data/Galapagos/CAS/Bursgrav_CAS_Howell_9887_09Jun1932.jpg,Galapagos
70,/Users/mattvalko/Documents/Thesis_Data/Galapagos/CAS/Bursgrav_CAS_Howell_8556_16Apr1932.jpg,Galapagos
71,/Users/mattvalko/Documents/Thesis_Data/Galapagos/CAS/Bursgrav_CAS_Wiggins_18733_16Feb1964.jpg,Galapagos
72,/Users/mattvalko/Documents/Thesis_Data/Galapagos/CAS/Bursgrav_CAS_Stewart_1771_02Dec1905.jpg,Galapagos
73,/Users/mattvalko/Documents/Thesis_Data/Galapagos/CAS/Bursgrav_CAS_SnodgrassandHeller_259_15Feb1899.jpg,Galapagos
74,/Users/mattvalko/Documents/Thesis_Data/Galapagos/CAS/Bursgrav_CAS_WigginsandPorter_325_04Feb1967.jpg,Galapagos
75,/Users/mattvalko/Documents/Thesis_Data/Galapagos/CAS/Bursgrav_CAS_Howell_9587_26May1932.jpg,Galapagos
76,/Users/mattvalko/Documents/Thesis_Data/Galapagos/CAS/Bursgrav_CAS_SnodgrassandHeller_21_30Dec1898.jpg,Galapagos
77,/Users/mattvalko/Documents/Thesis_Data/Galapagos/CAS/Bursgrav_CAS_WigginsandPorter_289_02Feb1967.jpg,Galapagos
78,/Users/mattvalko/Documents/Thesis_Data/Galapagos/CAS/Bursgrav_CAS_Fournier_155_1_08Feb1964.jpg,Galapagos
79,/Users/mattvalko/Documents/Thesis_Data/Galapagos/CAS/Bursgrav_CAS_Stewart_1762_19Sep1905.jpg,Galapagos
80,/Users/mattvalko/Documents/Thesis_Data/Galapagos/CAS/Bursgrav_CAS_Fournier_155_2_08Feb1964.jpg,Galapagos
81,/Users/mattvalko/Documents/Thesis_Data/Galapagos/CAS/Bursgrav_CAS_WigginsandPorter_469_11Feb1967.jpg,Galapagos
82,/Users/mattvalko/Documents/Thesis_Data/Galapagos/CAS/Bursgrav_CAS_Howell_10093_14Jun1932.jpg,Galapagos
83,/Users/mattvalko/Documents/Thesis_Data/Galapagos/CAS/Bursgrav_CAS_Stewart_1764_15Mar1905.jpg,Galapagos
84,/Users/mattvalko/Documents/Thesis_Data/Galapagos/CAS/Bursgrav_CAS_Howell_8671_19Apr1932.jpg,Galapagos
85,/Users/mattvalko/Documents/Thesis_Data/Galapagos/CAS/Bursgrav_CAS_Howell_9959_2_11Jun1932.jpg,Galapagos
86,/Users/mattvalko/Documents/Thesis_Data/Galapagos/CAS/Bursgrav_CAS_WigginsandPorter_528_14Feb1967.jpg,Galapagos
87,/Users/mattvalko/Documents/Thesis_Data/Galapagos/CAS/Bursgrav_CAS_Orr_0-2_02Feb1964.jpg,Galapagos
88,/Users/mattvalko/Documents/Thesis_Data/Galapagos/CAS/Bursgrav_CAS_Howell_9959_1_11Jun1932.jpg,Galapagos
89,/Users/mattvalko/Documents/Thesis_Data/Galapagos/CAS/Bursgrav_CAS_Stewart_2006_25Jan2006.jpg,Galapagos
90,/Users/mattvalko/Documents/Thesis_Data/Galapagos/CAS/Bursgrav_CAS_WigginsandPorter_706_20Feb1967.jpg,Galapagos
91,/Users/mattvalko/Documents/Thesis_Data/Galapagos/CAS/Bursgrav_CAS_WigginsandPorter_298_03Feb1997.jpg,Galapagos
92,/Users/mattvalko/Documents/Thesis_Data/Galapagos/CAS/Bursgrav_CAS_SnodgrassandHeller_596_May1899.jpg,Galapagos
93,/Users/mattvalko/Documents/Thesis_Data/Galapagos/CAS/Bursgrav_CAS_Stewart_1769_12Jan1905.jpg,Galapagos
94,/Users/mattvalko/Documents/Thesis_Data/Galapagos/CAS/Bursgrav_CAS_Dawson_s.n._03Feb1964.jpg,Galapagos
95,/Users/mattvalko/Documents/Thesis_Data/Galapagos/CAS/Bursgrav_CAS_Howell_9938_1_10Jun1932.jpg,Galapagos
96,/Users/mattvalko/Documents/Thesis_Data/Galapagos/CAS/Bursgrav_CAS_WigginsandPorter_324_04Feb1967.jpg,Galapagos
97,/Users/mattvalko/Documents/Thesis_Data/Galapagos/CAS/Bursgrav_CAS_Stewart_1766_26Feb1905.jpg,Galapagos
98,/Users/mattvalko/Documents/Thesis_Data/Galapagos/CAS/Bursgrav_CAS_Howell_9386_19May1932.jpg,Galapagos
99,/Users/mattvalko/Documents/Thesis_Data/Galapagos/CAS/Bursgrav_CAS_Stewart_1772_18Apr1905.jpg,Galapagos
100,/Users/mattvalko/Documents/Thesis_Data/Galapagos/CAS/Bursgrav_CAS_Stewart_1770_29Dec1905.jpg,Galapagos
101,/Users/mattvalko/Documents/Thesis_Data/Galapagos/CAS/Bursgrav_CAS_WigginsandPorter_274_01Feb1967.jpg,Galapagos
102,/Users/mattvalko/Documents/Thesis_Data/Galapagos/CAS/Bursgrav_CAS_Stewart_1767_1905.jpg,Galapagos
103,/Users/mattvalko/Documents/Thesis_Data/Galapagos/CAS/Bursgrav_CAS_Howell_9938_2_10Jun1932.jpg,Galapagos
104,/Users/mattvalko/Documents/Thesis_Data/Galapagos/CAS/Bursgrav_CAS_Wiggins_18416_28Jan1964.jpg,Galapagos
105,/Users/mattvalko/Documents/Thesis_Data/Galapagos/US/Bursgrav_US_Bentley_322_15Apr1983.jpg,Galapagos
106,/Users/mattvalko/Documents/Thesis_Data/Galapagos/US/Bursgrav_US_Howell_9959_11Jun1932.jpg,Galapagos
107,/Users/mattvalko/Documents/Thesis_Data/Galapagos/US/Bursgrav_US_WigginsandPorter_209_28Jan1967.jpg,Galapagos
108,/Users/mattvalko/Documents/Thesis_Data/Galapagos/US/Bursgrav_US_Fosberg_45080_3Feb1964.jpg,Galapagos
109,/Users/mattvalko/Documents/Thesis_Data/Galapagos/US/Bursgrav_US_Stewart_1769_12Jan1905.jpg,Galapagos
110,/Users/mattvalko/Documents/Thesis_Data/Galapagos/US/Bursgrav_US_Dawson_24972_27Jan1964.jpg,Galapagos
111,/Users/mattvalko/Documents/Thesis_Data/Galapagos/US/Bursgrav_US_WigginsandPorter_706_20Feb1967.jpg,Galapagos
112,/Users/mattvalko/Documents/Thesis_Data/Galapagos/US/Bursgrav_US_Stewart_1770_29Dec1905.jpg,Galapagos
113,/Users/mattvalko/Documents/Thesis_Data/Galapagos/US/Bursgrav_US_WigginsandPorter_274_01Feb1967.jpg,Galapagos
114,/Users/mattvalko/Documents/Thesis_Data/Galapagos/US/Bursgrav_US_Stewart_1764_15Mar1905.jpg,Galapagos
115,/Users/mattvalko/Documents/Thesis_Data/Galapagos/US/Bursgrav_US_Fosberg_44688_23Jan1964.jpg,Galapagos
116,/Users/mattvalko/Documents/Thesis_Data/Galapagos/US/Bursgrav_US_WigginsandPorter_575_15Feb1967.jpg,Galapagos
117,/Users/mattvalko/Documents/Thesis_Data/Galapagos/US/Bursgrav_US_WigginsandPorter_244_29Jan1967.jpg,Galapagos
118,/Users/mattvalko/Documents/Thesis_Data/Galapagos/US/Bursgrav_US_WigginsandPorter_298_03Feb1967.jpg,Galapagos
119,/Users/mattvalko/Documents/Thesis_Data/Galapagos/US/Bursgrav_US_Wiggins_18733_16Feb1964.jpg,Galapagos
120,/Users/mattvalko/Documents/Thesis_Data/Galapagos/US/Bursgrav_US_WigginsandPorter_325_04Feb1967.jpg,Galapagos
121,/Users/mattvalko/Documents/Thesis_Data/Galapagos/US/Bursgrav_US_Leveque_139_25Mar1961.jpg,Galapagos
122,/Users/mattvalko/Documents/Thesis_Data/Galapagos/US/Bursgrav_US_SnodgrassandHeller_340_Mar1899.jpg,Galapagos
123,/Users/mattvalko/Documents/Thesis_Data/Galapagos/US/Bursgrav_US_WigginsandPorter_289_02Feb1967.jpg,Galapagos
124,/Users/mattvalko/Documents/Thesis_Data/Galapagos/US/Bursgrav_US_Eyerdam_8757_16Aug1938.jpg,Galapagos
125,/Users/mattvalko/Documents/Thesis_Data/Galapagos/US/Bursgrav_US_Fournier_155_08Feb1964.jpg,Galapagos
126,/Users/mattvalko/Documents/Thesis_Data/Galapagos/US/Bursgrav_US_Howell_9887_09Jun1932.jpg,Galapagos
127,/Users/mattvalko/Documents/Thesis_Data/Galapagos/US/Bursgrav_US_Stewart_1768_01Feb1905.jpg,Galapagos
128,/Users/mattvalko/Documents/Thesis_Data/Galapagos/TEX/Bursgrav_malac_TEX_Tye_Balcen_1_24Mar1999.jpg,Galapagos
129,/Users/mattvalko/Documents/Thesis_Data/Galapagos/TEX/Bursgrav_malac_TEX_Tye_DAP1_31Mar1999.jpg,Galapagos
130,/Users/mattvalko/Documents/Thesis_Data/Galapagos/TEX/Bursgrav_TEX_Tye_Eden4_27Jun1999.jpg,Galapagos
131,/Users/mattvalko/Documents/Thesis_Data/Galapagos/TEX/Bursgrav_interm_TEX_Tye_Crunw9T2_02Mar2000.jpg,Galapagos
132,/Users/mattvalko/Documents/Thesis_Data/Galapagos/TEX/Bursgrav_malac_TEX_Tye_Balca1_24Mar1999.jpg,Galapagos
133,/Users/mattvalko/Documents/Thesis_Data/Galapagos/TEX/Bursgrav_interm_TEX_Tye_Crune8T2_09Mar2000.jpg,Galapagos
134,/Users/mattvalko/Documents/Thesis_Data/Galapagos/TEX/Bursgrav_TEX_Tye_Cris1_14Apr1999.jpg,Galapagos
135,/Users/mattvalko/Documents/Thesis_Data/Galapagos/TEX/Bursgrav_malac_TEX_Tye_Crukm5_2_24Mar1999.jpg,Galapagos
136,/Users/mattvalko/Documents/Thesis_Data/Galapagos/TEX/Bursgrav_interm_TEX_Tye_Crune7T2_09Mar2000.jpg,Galapagos
137,/Users/mattvalko/Documents/Thesis_Data/Galapagos/TEX/Bursgrav_malac_TEX_Tye_Crune2T2_25Feb2000.jpg,Galapagos
138,/Users/mattvalko/Documents/Thesis_Data/Galapagos/TEX/Bursgrav_TEX_Tye_GE2_17May1999.jpg,Galapagos
139,/Users/mattvalko/Documents/Thesis_Data/Galapagos/TEX/Bursgrav_TEX_Tye_Cruk12_2_24Mar1999.jpg,Galapagos
140,/Users/mattvalko/Documents/Thesis_Data/Galapagos/TEX/Bursgrav_malac_TEX_Tye_Crukm5_1_24Mar1999.jpg,Galapagos
141,/Users/mattvalko/Documents/Thesis_Data/Galapagos/TEX/Bursgrav_interm_TEX_Tye_Crunw6T3_15Feb2000.jpg,Galapagos
142,/Users/mattvalko/Documents/Thesis_Data/Galapagos/TEX/Bursgrav_TEX_Tye_Cris2_14Apr1999.jpg,Galapagos
143,/Users/mattvalko/Documents/Thesis_Data/Galapagos/TEX/Bursgrav_interm_TEX_Tye_Crnw10T3_02Mar2000.jpg,Galapagos
144,/Users/mattvalko/Documents/Thesis_Data/Galapagos/TEX/Bursgrav_interm_TEX_Tye_Crune7T1_09Mar2000.jpg,Galapagos
145,/Users/mattvalko/Documents/Thesis_Data/Galapagos/TEX/Bursgrav_TEX_Tye_GE1_17May1999.jpg,Galapagos
146,/Users/mattvalko/Documents/Thesis_Data/Galapagos/TEX/Bursgrav_malac_TEX_Tye_Crune2T1_25Feb2000.jpg,Galapagos
147,/Users/mattvalko/Documents/Thesis_Data/Galapagos/TEX/Bursgrav_malac_TEX_Tye_Crunw2T3_15Feb2000.jpg,Galapagos
148,/Users/mattvalko/Documents/Thesis_Data/Galapagos/TEX/Bursgrav_TEX_Tye_Cruk12_1_24Mar1999.jpg,Galapagos
149,/Users/mattvalko/Documents/Thesis_Data/Galapagos/TEX/Bursgrav_malac_TEX_Tye_DAP2_31Mar1999.jpg,Galapagos
150,/Users/mattvalko/Documents/Thesis_Data/Galapagos/TEX/Bursgrav_interm_TEX_Tye_Crune5T3_09Mar2000.jpg,Galapagos
151,/Users/mattvalko/Documents/Thesis_Data/Galapagos/TEX/Bursgrav_malac_TEX_Tye_Balcen_2_24Mar1999.jpg,Galapagos
152,/Users/mattvalko/Documents/Thesis_Data/Galapagos/TEX/Bursgrav_interm_TEX_Tye_Crunw9T1_02Mar2000.jpg,Galapagos
153,/Users/mattvalko/Documents/Thesis_Data/Galapagos/TEX/Bursgrav_TEX_Tye_Eden3_27Jun1999.jpg,Galapagos
154,/Users/mattvalko/Documents/Thesis_Data/Galapagos/TEX/Bursgrav_interm_TEX_Tye_Crune8T1_09Mar2000.jpg,Galapagos
155,/Users/mattvalko/Documents/Thesis_Data/Galapagos/TEX/Bursgrav_malac_TEX_Tye_Balca2_24Mar1999.jpg,Galapagos
156,/Users/mattvalko/Documents/Thesis_Data/Galapagos/TEX/Bursgrav_interm_TEX_Tye_Crnw11T3_02Mar2000.jpg,Galapagos
157,/Users/mattvalko/Documents/Thesis_Data/Galapagos/TEX/Bursgrav_interm_TEX_Tye_Crune6T1_09Mar2000.jpg,Galapagos
158,/Users/mattvalko/Documents/Thesis_Data/Galapagos/TEX/Bursgrav_interm_TEX_Tye_Crunw7T3_15Feb2000.jpg,Galapagos
159,/Users/mattvalko/Documents/Thesis_Data/Galapagos/TEX/Bursgrav_interm_TEX_Tye_Vene01T2_02Mar2000.jpg,Galapagos
160,/Users/mattvalko/Documents/Thesis_Data/Galapagos/TEX/Bursgrav_malac_TEX_Tye_Crukm3_2_24Mar1999.jpg,Galapagos
161,/Users/mattvalko/Documents/Thesis_Data/Galapagos/TEX/Bursgrav_malac_TEX_Tye_Crune3T1_25Feb2000.jpg,Galapagos
162,/Users/mattvalko/Documents/Thesis_Data/Galapagos/TEX/Bursgrav_malac_TEX_Tye_Crunw3T3_15Feb2000.jpg,Galapagos
163,/Users/mattvalko/Documents/Thesis_Data/Galapagos/TEX/Bursgrav_interm_TEX_Tye_Crunw5T1_15Feb2000.jpg,Galapagos
164,/Users/mattvalko/Documents/Thesis_Data/Galapagos/TEX/Bursgrav_interm_TEX_Tye_Crune4T3_09Mar2000.jpg,Galapagos
165,/Users/mattvalko/Documents/Thesis_Data/Galapagos/TEX/Bursgrav_interm_TEX_Tye_Crune9T1_09Mar2000.jpg,Galapagos
166,/Users/mattvalko/Documents/Thesis_Data/Galapagos/TEX/Bursgrav_malac_TEX_Tye_Crune1T3_25Feb2000.jpg,Galapagos
167,/Users/mattvalko/Documents/Thesis_Data/Galapagos/TEX/Bursgrav_malac_TEX_Tye_Crunw1T1_15Feb2000.jpg,Galapagos
168,/Users/mattvalko/Documents/Thesis_Data/Galapagos/TEX/Bursgrav_malac_TEX_Tye_SN4_31Mar1999.jpg,Galapagos
169,/Users/mattvalko/Documents/Thesis_Data/Galapagos/TEX/Bursgrav_interm_TEX_Tye_Crunw8T3_15Feb2000.jpg,Galapagos
170,/Users/mattvalko/Documents/Thesis_Data/Galapagos/TEX/Bursgrav_interm_TEX_Tye_Crunw5T2_15Feb2000.jpg,Galapagos
171,/Users/mattvalko/Documents/Thesis_Data/Galapagos/TEX/Bursgrav_malac_TEX_Tye_SN3_31Mar1999.jpg,Galapagos
172,/Users/mattvalko/Documents/Thesis_Data/Galapagos/TEX/Bursgrav_malac_TEX_Tye_Crunw1T2_15Feb2000.jpg,Galapagos
173,/Users/mattvalko/Documents/Thesis_Data/Galapagos/TEX/Bursgrav_interm_TEX_Tye_Crune9T2_09Mar2000.jpg,Galapagos
174,/Users/mattvalko/Documents/Thesis_Data/Galapagos/TEX/Bursgrav_interm_TEX_Tye_Crune6T2_09Mar2000.jpg,Galapagos
175,/Users/mattvalko/Documents/Thesis_Data/Galapagos/TEX/Bursgrav_malac_TEX_Tye_Crunw4T3_15Feb2000.jpg,Galapagos
176,/Users/mattvalko/Documents/Thesis_Data/Galapagos/TEX/Bursgrav_interm_TEX_Tye_Vene01T1_02Mar2000.jpg,Galapagos
177,/Users/mattvalko/Documents/Thesis_Data/Galapagos/TEX/Bursgrav_TEX_Tye_Crune4T1_09Mar2000.jpg,Galapagos
178,/Users/mattvalko/Documents/Thesis_Data/Galapagos/TEX/Bursgrav_TEX_Tye_CD3_01Jul1999.jpg,Galapagos
179,/Users/mattvalko/Documents/Thesis_Data/Galapagos/TEX/Bursgrav_malac_TEX_Tye_Crukm3_1_24Mar1999.jpg,Galapagos
180,/Users/mattvalko/Documents/Thesis_Data/Galapagos/TEX/Bursgrav_malac_TEX_Tye_Crune3T2_25Feb2000.jpg,Galapagos
181,/Users/mattvalko/Documents/Thesis_Data/Galapagos/TEX/Bursgrav_malac_TEX_Tye_Crukm1_2_24Mar1999.jpg,Galapagos
182,/Users/mattvalko/Documents/Thesis_Data/Galapagos/TEX/Bursgrav_interm_TEX_Tye_Crunw8T1_15Feb2000.jpg,Galapagos
183,/Users/mattvalko/Documents/Thesis_Data/Galapagos/TEX/Bursgrav_interm_TEX_Tye_Crune9T3_09Mar2000.jpg,Galapagos
184,/Users/mattvalko/Documents/Thesis_Data/Galapagos/TEX/Bursgrav_malac_TEX_Tye_Crune1T1_25Feb2000.jpg,Galapagos
185,/Users/mattvalko/Documents/Thesis_Data/Galapagos/TEX/Bursgrav_malac_TEX_Tye_Crunw1T3_15Feb2000.jpg,Galapagos
186,/Users/mattvalko/Documents/Thesis_Data/Galapagos/TEX/Bursgrav_interm_TEX_Tye_Crunw5T3_15Feb2000.jpg,Galapagos
187,/Users/mattvalko/Documents/Thesis_Data/Galapagos/TEX/Bursgrav_malac_TEX_Tye_SN2_31Mar1999.jpg,Galapagos
188,/Users/mattvalko/Documents/Thesis_Data/Galapagos/TEX/Bursgrav_malac_TEX_Tye_Crune3T3_25Feb2000.jpg,Galapagos
189,/Users/mattvalko/Documents/Thesis_Data/Galapagos/TEX/Bursgrav_malac_TEX_Tye_Crunw3T1_15Feb2000.jpg,Galapagos
190,/Users/mattvalko/Documents/Thesis_Data/Galapagos/TEX/Bursgrav_TEX_Tye_CD2_01Jul1999.jpg,Galapagos
191,/Users/mattvalko/Documents/Thesis_Data/Galapagos/TEX/Bursgrav_interm_TEX_Tye_Crunw7T1_15Feb2000.jpg,Galapagos
192,/Users/mattvalko/Documents/Thesis_Data/Galapagos/TEX/Bursgrav_interm_TEX_Tye_Crnw11T1_02Mar2000.jpg,Galapagos
193,/Users/mattvalko/Documents/Thesis_Data/Galapagos/TEX/Bursgrav_interm_TEX_Tye_Crune6T3_09Mar2000.jpg,Galapagos
194,/Users/mattvalko/Documents/Thesis_Data/Galapagos/TEX/Bursgrav_malac_TEX_Tye_Crunw4T2_15Feb2000.jpg,Galapagos
195,/Users/mattvalko/Documents/Thesis_Data/Galapagos/TEX/Bursgrav_malac_TEX_Tye_Crunw3T2_15Feb2000.jpg,Galapagos
196,/Users/mattvalko/Documents/Thesis_Data/Galapagos/TEX/Bursgrav_TEX_Tye_CD1_01Jul1999.jpg,Galapagos
197,/Users/mattvalko/Documents/Thesis_Data/Galapagos/TEX/Bursgrav_interm_TEX_Tye_Crunw7T2_15Feb2000.jpg,Galapagos
198,/Users/mattvalko/Documents/Thesis_Data/Galapagos/TEX/Bursgrav_interm_TEX_Tye_Vene01T3_02Mar2000.jpg,Galapagos
199,/Users/mattvalko/Documents/Thesis_Data/Galapagos/TEX/Bursgrav_malac_TEX_Tye_Crunw4T1_15Feb2000.jpg,Galapagos
200,/Users/mattvalko/Documents/Thesis_Data/Galapagos/TEX/Bursgrav_interm_TEX_Tye_Crnw11T2_02Mar2000.jpg,Galapagos
201,/Users/mattvalko/Documents/Thesis_Data/Galapagos/TEX/Bursgrav_interm_TEX_Tye_Crunw8T2_15Feb2000.jpg,Galapagos
202,/Users/mattvalko/Documents/Thesis_Data/Galapagos/TEX/Bursgrav_malac_TEX_Tye_Crukm1_1_24Mar1999.jpg,Galapagos
203,/Users/mattvalko/Documents/Thesis_Data/Galapagos/TEX/Bursgrav_malac_TEX_Tye_Crune1T2_25Feb2000.jpg,Galapagos
204,/Users/mattvalko/Documents/Thesis_Data/Galapagos/TEX/Bursgrav_interm_TEX_Tye_Crune4T2_09Mar2000.jpg,Galapagos
205,/Users/mattvalko/Documents/Thesis_Data/Galapagos/TEX/Bursgrav_malac_TEX_Tye_SN1_31Mar1999.jpg,Galapagos
206,/Users/mattvalko/Documents/Thesis_Data/Galapagos/TEX/Bursgrav_malac_TEX_Tye_Crunw2T2_15Feb2000.jpg,Galapagos
207,/Users/mattvalko/Documents/Thesis_Data/Galapagos/TEX/Bursgrav_interm_TEX_Tye_Crnw10T2_02Mar2000.jpg,Galapagos
208,/Users/mattvalko/Documents/Thesis_Data/Galapagos/TEX/Bursgrav_TEX_Tye_Cris3_14Apr1999.jpg,Galapagos
209,/Users/mattvalko/Documents/Thesis_Data/Galapagos/TEX/Bursgrav_interm_TEX_Tye_Crunw6T2_15Feb2000.jpg,Galapagos
210,/Users/mattvalko/Documents/Thesis_Data/Galapagos/TEX/Bursgrav_TEX_Tye_Eden2_27Jun1999.jpg,Galapagos
211,/Users/mattvalko/Documents/Thesis_Data/Galapagos/TEX/Bursgrav_interm_TEX_Tye_Crune5T2_09Mar2000.jpg,Galapagos
212,/Users/mattvalko/Documents/Thesis_Data/Galapagos/TEX/Bursgrav_malac_TEX_Tye_Cruca_1_24Mar1999.jpg,Galapagos
213,/Users/mattvalko/Documents/Thesis_Data/Galapagos/TEX/Bursgrav_malac_TEX_Tye_DAP3_31Mar1999.jpg,Galapagos
214,/Users/mattvalko/Documents/Thesis_Data/Galapagos/TEX/Bursgrav_TEX_Tye_Crucd1_24Mar1999.jpg,Galapagos
215,/Users/mattvalko/Documents/Thesis_Data/Galapagos/TEX/Bursgrav_interm_TEX_Tye_Crune8T3_09Mar2000.jpg,Galapagos
216,/Users/mattvalko/Documents/Thesis_Data/Galapagos/TEX/Bursgrav_TEX_Tye_Eden1_27Jun1999.jpg,Galapagos
217,/Users/mattvalko/Documents/Thesis_Data/Galapagos/TEX/Bursgrav_malac_TEX_Tye_DAP4_31Mar1999.jpg,Galapagos
218,/Users/mattvalko/Documents/Thesis_Data/Galapagos/TEX/Bursgrav_interm_TEX_Tye_Crunw9T3_02Mar2000.jpg,Galapagos
219,/Users/mattvalko/Documents/Thesis_Data/Galapagos/TEX/Bursgrav_TEX_Tye_Crucd2_24Mar1999.jpg,Galapagos
220,/Users/mattvalko/Documents/Thesis_Data/Galapagos/TEX/Bursgrav_malac_TEX_Tye_Cruca_2_24Mar1999.jpg,Galapagos
221,/Users/mattvalko/Documents/Thesis_Data/Galapagos/TEX/Bursgrav_interm_TEX_Tye_Crune5T1_09Mar2000.jpg,Galapagos
222,/Users/mattvalko/Documents/Thesis_Data/Galapagos/TEX/Bursgrav_malac_TEX_Tye_Crune2T3_25Feb2000.jpg,Galapagos
223,/Users/mattvalko/Documents/Thesis_Data/Galapagos/TEX/Bursgrav_TEX_Tye_Cris4_14Apr1999.jpg,Galapagos
224,/Users/mattvalko/Documents/Thesis_Data/Galapagos/TEX/Bursgrav_malac_TEX_Tye_Crunw2T1_15Feb2000.jpg,Galapagos
225,/Users/mattvalko/Documents/Thesis_Data/Galapagos/TEX/Bursgrav_interm_TEX_Tye_Crnw10T1_02Mar2000.jpg,Galapagos
226,/Users/mattvalko/Documents/Thesis_Data/Galapagos/TEX/Bursgrav_interm_TEX_Tye_Crune7T3_09Mar2000.jpg,Galapagos
227,/Users/mattvalko/Documents/Thesis_Data/Galapagos/TEX/Bursgrav_interm_TEX_Tye_Crunw6T1_15Feb2000.jpg,Galapagos
228,/Users/mattvalko/Documents/Thesis_Data/Galapagos/MO/Bursgrav_MO_Stewart_1770_29Dec1905.jpg,Galapagos
229,/Users/mattvalko/Documents/Thesis_Data/Galapagos/MO/Bursgrav_MO_Gentry_30634_15Jan1981.jpg,Galapagos
230,/Users/mattvalko/Documents/Thesis_Data/Galapagos/MO/Bursgrav_MO_Stewart_1764_15Mar1905.jpg,Galapagos
231,/Users/mattvalko/Documents/Thesis_Data/Galapagos/MO/Bursgrav_MO_Howell_8556_16Apr1932.jpg,Galapagos
232,/Users/mattvalko/Documents/Thesis_Data/Galapagos/MO/Bursgrav_MO_Eisendrath_s.n._28Apr1969.jpg,Galapagos
233,/Users/mattvalko/Documents/Thesis_Data/Galapagos/MO/Bursgrav_MO_Howell_9959_11Jun1932.jpg,Galapagos
234,/Users/mattvalko/Documents/Thesis_Data/Galapagos/MO/Bursgrav_MO_Fosberg_44688_23Jan1964.jpg,Galapagos
235,/Users/mattvalko/Documents/Thesis_Data/Galapagos/MO/Bursgrav_MO_Howell_9938_10Jun1932.jpg,Galapagos
236,/Users/mattvalko/Documents/Thesis_Data/Galapagos/U/Bursgrav_U_vanderWerff_1825_03Jun1975.jpg,Galapagos
237,/Users/mattvalko/Documents/Thesis_Data/Galapagos/U/Bursgrav_U_Gradstein_V38_07May1976.jpg,Galapagos
238,/Users/mattvalko/Documents/Thesis_Data/Galapagos/QCNE/Bursgrav_QCNE_Simbana_220_26Apr2000.jpeg,Galapagos
239,/Users/mattvalko/Documents/Thesis_Data/Galapagos/QCNE/Bursgrav_QCNE_Aldaz_9572_12Feb1999.jpeg,Galapagos
240,/Users/mattvalko/Documents/Thesis_Data/Galapagos/QCNE/Bursgrav_QCNE_Simbana_121_05Jan2000.jpeg,Galapagos
241,/Users/mattvalko/Documents/Thesis_Data/Galapagos/QCNE/Bursgrav_QCNE_Huttel_1490_6Aug1988.jpeg,Galapagos
242,/Users/mattvalko/Documents/Thesis_Data/Galapagos/QCNE/Bursgrav_QCNE_Simbana_148_25Mar2000.jpeg,Galapagos
243,/Users/mattvalko/Documents/Thesis_Data/Galapagos/QCNE/Bursgrav_QCNE_Simbana_126_05Feb2000.jpeg,Galapagos
244,/Users/mattvalko/Documents/Thesis_Data/Galapagos/QCNE/Bursgrav_QCNE_Bentley_322_15Apr1983.jpeg,Galapagos
245,/Users/mattvalko/Documents/Thesis_Data/Galapagos/NY/Bursgrav_NY_Chapin_1113_12Mar1935.jpg,Galapagos
246,/Users/mattvalko/Documents/Thesis_Data/Galapagos/NY/Bursgrav_NY_Howell_9386_19May1932.jpg,Galapagos
247,/Users/mattvalko/Documents/Thesis_Data/Galapagos/NY/Bursgrav_NY_Wheeler_45_19Apr1923.jpg,Galapagos
248,/Users/mattvalko/Documents/Thesis_Data/Galapagos/NY/Bursgrav_NY_Wheeler_56_28Apr1923.jpg,Galapagos
249,/Users/mattvalko/Documents/Thesis_Data/Galapagos/NY/Bursgrav_NY_Chapin_1121_22Mar1935.jpg,Galapagos
250,/Users/mattvalko/Documents/Thesis_Data/Galapagos/QCA/Bursgrav_QCA_Reeder_s.n._16Mar1975.jpeg,Galapagos
251,/Users/mattvalko/Documents/Thesis_Data/Galapagos/QCA/Bursgrav_QCA_Adsersen_1270_15Nov1974.jpeg,Galapagos
252,/Users/mattvalko/Documents/Thesis_Data/Galapagos/QCA/Bursgrav_QCA_Adsersen_1615_04Sept1977.jpeg,Galapagos
253,/Users/mattvalko/Documents/Thesis_Data/Galapagos/K/Bursgrav_K_Macrae_Edmonstone_s.n._s.d.jpg,Galapagos
254,/Users/mattvalko/Documents/Thesis_Data/Galapagos/P/Bursgrav_P_ex_herb_Hooker_1855.jpeg,Galapagos
256,/Users/mattvalko/Documents/Thesis_Data/Bursera penicillata/CAS/Burspen_CAS_Gentry_6633_15Sep1941.jpg,Bursera penicillata
257,/Users/mattvalko/Documents/Thesis_Data/Bursera penicillata/CAS/Burspen_CAS_Gentry_6157_25Aug1941.jpg,Bursera penicillata
258,/Users/mattvalko/Documents/Thesis_Data/Bursera penicillata/SD/Burspen_SD_Feddema_414_13Aug1959.jpg,Bursera penicillata
259,/Users/mattvalko/Documents/Thesis_Data/Bursera penicillata/SD/Burspen_SD_Wilbur_1385_27Jun1949.jpg,Bursera penicillata
260,/Users/mattvalko/Documents/Thesis_Data/Bursera penicillata/SD/Burspen_SD_Feddema_719_18Aug1959.jpg,Bursera penicillata
261,/Users/mattvalko/Documents/Thesis_Data/Bursera penicillata/SD/Burspen_SD_Rea_1244_13Oct1986.jpg,Bursera penicillata
262,/Users/mattvalko/Documents/Thesis_Data/Bursera penicillata/SD/Burspen_SD_McVaugh_17370_27Aug1958.jpg,Bursera penicillata
263,/Users/mattvalko/Documents/Thesis_Data/Bursera penicillata/SD/Burspen_SD_Leon_8692_21Sep1997.jpg,Bursera penicillata
264,/Users/mattvalko/Documents/Thesis_Data/Bursera penicillata/SD/Burspen_SD_Soto_18974_1_25Jun2011.jpg,Bursera penicillata
265,/Users/mattvalko/Documents/Thesis_Data/Bursera penicillata/SD/Burspen_SD_Soto_18974_2_25Jun2011.jpg,Bursera penicillata
266,/Users/mattvalko/Documents/Thesis_Data/Bursera penicillata/SD/Burspen_SD_McVaugh_21972_29Oct1962.jpg,Bursera penicillata
267,/Users/mattvalko/Documents/Thesis_Data/Bursera penicillata/SD/Burspen_SD_Sanders_9437_06Sep1989.jpg,Bursera penicillata
268,/Users/mattvalko/Documents/Thesis_Data/Bursera penicillata/SD/Burspen_SD_Wilbur_2391_18Aug1949.jpg,Bursera penicillata
269,/Users/mattvalko/Documents/Thesis_Data/Bursera penicillata/US/Burspen_US_Rose_7420_28Sep1903.jpg,Bursera penicillata
270,/Users/mattvalko/Documents/Thesis_Data/Bursera penicillata/US/Burspen_US_Rzedowski_14579_29Sep1960.jpg,Bursera penicillata
271,/Users/mattvalko/Documents/Thesis_Data/Bursera penicillata/US/Burspen_US_Rose_1620_12Jul1897.jpg,Bursera penicillata
272,/Users/mattvalko/Documents/Thesis_Data/Bursera penicillata/US/Burspen_US_Gentry_1585_18Aug1935.jpg,Bursera penicillata
273,/Users/mattvalko/Documents/Thesis_Data/Bursera penicillata/US/Burspen_US_Rose_3168_4Jul1897.jpg,Bursera penicillata
274,/Users/mattvalko/Documents/Thesis_Data/Bursera penicillata/US/Burspen_US_Rzedowski_15305_23Jun1961.jpg,Bursera penicillata
275,/Users/mattvalko/Documents/Thesis_Data/Bursera penicillata/US/Burspen_US_Collins_42_3Oct1923.jpg,Bursera penicillata
276,/Users/mattvalko/Documents/Thesis_Data/Bursera penicillata/US/Burspen_US_Rzedowski_20250_25Jul1965.jpg,Bursera penicillata
277,/Users/mattvalko/Documents/Thesis_Data/Bursera penicillata/US/Burspen_US_Hinton_7734_4May1935.jpg,Bursera penicillata
278,/Users/mattvalko/Documents/Thesis_Data/Bursera penicillata/US/Burspen_US_Jones_43_9Jun1892.jpg,Bursera penicillata
279,/Users/mattvalko/Documents/Thesis_Data/Bursera penicillata/US/Burspen_US_Mexia_749_23Sep1926.jpg,Bursera penicillata
280,/Users/mattvalko/Documents/Thesis_Data/Bursera penicillata/US/Burspen_US_Rose_2506_23Aug1897.jpg,Bursera penicillata
281,/Users/mattvalko/Documents/Thesis_Data/Bursera penicillata/US/Burspen_US_leg_ign_E56_19Jul1953.jpg,Bursera penicillata
282,/Users/mattvalko/Documents/Thesis_Data/Bursera penicillata/US/Burspen_US_Rose_4807_9Jul1899.jpg,Bursera penicillata
283,/Users/mattvalko/Documents/Thesis_Data/Bursera penicillata/US/Burspen_US_Rzedowski_9196_16Jul1957.jpg,Bursera penicillata
284,/Users/mattvalko/Documents/Thesis_Data/Bursera penicillata/US/Burspen_US_Jones_41_1Jun1892.jpg,Bursera penicillata
285,/Users/mattvalko/Documents/Thesis_Data/Bursera penicillata/US/Burspen_US_Pringle_2576_26Jun1889.jpg,Bursera penicillata
286,/Users/mattvalko/Documents/Thesis_Data/Bursera penicillata/US/Burspen_US_Pringle_2333_1_16Oct1889.jpg,Bursera penicillata
287,/Users/mattvalko/Documents/Thesis_Data/Bursera penicillata/US/Burspen_US_Anderson_3727_25Sep1966.jpg,Bursera penicillata
288,/Users/mattvalko/Documents/Thesis_Data/Bursera penicillata/US/Burspen_US_Howell_10330_21Jul1932.jpg,Bursera penicillata
289,/Users/mattvalko/Documents/Thesis_Data/Bursera penicillata/US/Burspen_US_Diguet_s.n._1Mar1913.jpg,Bursera penicillata
290,/Users/mattvalko/Documents/Thesis_Data/Bursera penicillata/US/Burspen_US_Pringle_2333_2_16Oct1889.jpg,Bursera penicillata
291,/Users/mattvalko/Documents/Thesis_Data/Bursera penicillata/US/Burspen_US_Rzedowski_9120_25Jun1957.jpg,Bursera penicillata
292,/Users/mattvalko/Documents/Thesis_Data/Bursera penicillata/US/Burspen_US_Hinton_7697_6Feb1935.jpg,Bursera penicillata
293,/Users/mattvalko/Documents/Thesis_Data/Bursera penicillata/US/Burspen_US_Palmer_Y_Aug1885.jpg,Bursera penicillata
294,/Users/mattvalko/Documents/Thesis_Data/Bursera penicillata/US/Burspen_US_Rose_4767_5Jul1899.jpg,Bursera penicillata
295,/Users/mattvalko/Documents/Thesis_Data/Bursera penicillata/TEX/Burspen_TEX_Acevedo_1452_25Sep1993.jpg,Bursera penicillata
296,/Users/mattvalko/Documents/Thesis_Data/Bursera penicillata/TEX/Burspen_TEX_Acevedo_1581_14Jun1996.jpg,Bursera penicillata
297,/Users/mattvalko/Documents/Thesis_Data/Bursera penicillata/TEX/Burspen_TEX_Chazaro_6954_14Jun1992.jpg,Bursera penicillata
298,/Users/mattvalko/Documents/Thesis_Data/Bursera penicillata/TEX/Burspen_TEX_Tenorio_10059_29Sep1985.jpg,Bursera penicillata
299,/Users/mattvalko/Documents/Thesis_Data/Bursera penicillata/TEX/Burspen_TEX_Negrete_38_27Sep1993.jpg,Bursera penicillata
300,/Users/mattvalko/Documents/Thesis_Data/Bursera penicillata/TEX/Burspen_TEX_Cochrane_12615_22Jun1991.jpg,Bursera penicillata
301,/Users/mattvalko/Documents/Thesis_Data/Bursera penicillata/TEX/Burspen_TEX_Arguelles_s.n._02Aug1958.jpg,Bursera penicillata
302,/Users/mattvalko/Documents/Thesis_Data/Bursera penicillata/TEX/Burspen_TEX_Rzedowski_37902_30Jul1982.jpg,Bursera penicillata
303,/Users/mattvalko/Documents/Thesis_Data/Bursera penicillata/TEX/Burspen_TEX_Rzedowski_29364_16Sep1972.jpg,Bursera penicillata
304,/Users/mattvalko/Documents/Thesis_Data/Bursera penicillata/TEX/Burspen_TEX_McVaugh_182320_25Aug1960.jpg,Bursera penicillata
305,/Users/mattvalko/Documents/Thesis_Data/Bursera penicillata/TEX/Burspen_TEX_Weeks_99-X-14-1_14Oct1999.jpg,Bursera penicillata
306,/Users/mattvalko/Documents/Thesis_Data/Bursera penicillata/TEX/Burspen_TEX_Wilbur_2391_18Aug1949.jpg,Bursera penicillata
307,/Users/mattvalko/Documents/Thesis_Data/Bursera penicillata/TEX/Burspen_TEX_Weeks_99-X-13-2_13Oct1999.jpg,Bursera penicillata
308,/Users/mattvalko/Documents/Thesis_Data/Bursera penicillata/TEX/Burspen_TEX_Hinton_10442_01Jun1937.jpg,Bursera penicillata
309,/Users/mattvalko/Documents/Thesis_Data/Bursera penicillata/TEX/Burspen_TEX_Chazaro_6304_22Jul1990.jpg,Bursera penicillata
310,/Users/mattvalko/Documents/Thesis_Data/Bursera penicillata/TEX/Burspen_TEX_McVaugh_15047_26Jun1957.jpg,Bursera penicillata
311,/Users/mattvalko/Documents/Thesis_Data/Bursera penicillata/TEX/Burspen_TEX_Acevedo_1290_20Jul1992.jpg,Bursera penicillata
312,/Users/mattvalko/Documents/Thesis_Data/Bursera penicillata/TEX/Burspen_TEX_McVaugh_15381_13Jul1957.jpg,Bursera penicillata
313,/Users/mattvalko/Documents/Thesis_Data/Bursera penicillata/TEX/Burspen_TEX_Guerrero_828_30Jun1990.jpg,Bursera penicillata
314,/Users/mattvalko/Documents/Thesis_Data/Bursera penicillata/TEX/Burspen_TEX_Gibson_3373_30Jun1978.jpg,Bursera penicillata
315,/Users/mattvalko/Documents/Thesis_Data/Bursera penicillata/TEX/Burspen_TEX_Machuca_7478_23Sep1995.jpg,Bursera penicillata
316,/Users/mattvalko/Documents/Thesis_Data/Bursera penicillata/TEX/Burspen_TEX_Cochrane_12968_04Aug1993.jpg,Bursera penicillata
317,/Users/mattvalko/Documents/Thesis_Data/Bursera penicillata/TEX/Burspen_TEX_McVaugh_17370_27Aug1958.jpg,Bursera penicillata
318,/Users/mattvalko/Documents/Thesis_Data/Bursera penicillata/TEX/Burspen_TEX_Sanders_9437_06Sep1989.jpg,Bursera penicillata
319,/Users/mattvalko/Documents/Thesis_Data/Bursera penicillata/TEX/Burspen_TEX_Holmes_10286_16Jul1999.jpg,Bursera penicillata
320,/Users/mattvalko/Documents/Thesis_Data/Bursera penicillata/TEX/Burspen_TEX_Machuca_6549_16Sep1990.jpg,Bursera penicillata
321,/Users/mattvalko/Documents/Thesis_Data/Bursera penicillata/TEX/Burspen_TEX_Chazaro_7320_05Jun1994.jpg,Bursera penicillata
322,/Users/mattvalko/Documents/Thesis_Data/Bursera penicillata/TEX/Burspen_TEX_GentryandGilly_10768_06Jul1951.jpg,Bursera penicillata
323,/Users/mattvalko/Documents/Thesis_Data/Bursera penicillata/TEX/Burspen_TEX_Wallace_247_25Jul1975.jpg,Bursera penicillata
324,/Users/mattvalko/Documents/Thesis_Data/Bursera penicillata/TEX/Burspen_TEX_Rzedowski_20250_25Jul1965.jpg,Bursera penicillata
325,/Users/mattvalko/Documents/Thesis_Data/Bursera penicillata/TEX/Burspen_TEX_Hinton_10443_01Jun1937.jpg,Bursera penicillata
326,/Users/mattvalko/Documents/Thesis_Data/Bursera penicillata/TEX/Burspen_TEX_Feddema_414_13Aug1959.jpg,Bursera penicillata
327,/Users/mattvalko/Documents/Thesis_Data/Bursera penicillata/TEX/Burspen_TEX_Wilbur_1385_27Jun1949.jpg,Bursera penicillata
328,/Users/mattvalko/Documents/Thesis_Data/Bursera penicillata/TEX/Burspen_TEX_Guerrero_262_21Jul1991.jpg,Bursera penicillata
329,/Users/mattvalko/Documents/Thesis_Data/Bursera penicillata/TEX/Burspen_TEX_Feddema_719_18Aug1959.jpg,Bursera penicillata
330,/Users/mattvalko/Documents/Thesis_Data/Bursera penicillata/TEX/Burspen_TEX_Gentry_10938_22Jul1951.jpg,Bursera penicillata
331,/Users/mattvalko/Documents/Thesis_Data/Bursera penicillata/TEX/Burspen_TEX_Chazaro_label_6304_22Jul1990.jpg,Bursera penicillata
332,/Users/mattvalko/Documents/Thesis_Data/Bursera penicillata/TEX/Burspen_TEX_Gonzalez_107_26Jul1991.jpg,Bursera penicillata
333,/Users/mattvalko/Documents/Thesis_Data/Bursera penicillata/RSA/Burspen_RSA_Jones_43_9Jun1892.jpeg,Bursera penicillata
334,/Users/mattvalko/Documents/Thesis_Data/Bursera penicillata/ARIZ/Burspen_ARIZ_Becerra_255_18Jun1993.jpg,Bursera penicillata
335,/Users/mattvalko/Documents/Thesis_Data/Bursera penicillata/ARIZ/Burspen_ARIZ_Becerra_251_18Jun1993.jpg,Bursera penicillata
336,/Users/mattvalko/Documents/Thesis_Data/Bursera penicillata/ARIZ/Burspen_ARIZ_Jenkins_94-96_20Aug1994.jpg,Bursera penicillata
337,/Users/mattvalko/Documents/Thesis_Data/Bursera penicillata/ARIZ/Burspen_ARIZ_Pringle_2333_16Oct1889.jpg,Bursera penicillata
338,/Users/mattvalko/Documents/Thesis_Data/Bursera penicillata/ARIZ/Burspen_ARIZ_Becerra_154_10Aug1992.jpg,Bursera penicillata
339,/Users/mattvalko/Documents/Thesis_Data/Bursera penicillata/ARIZ/Burspen_ARIZ_Gibson_3418_23Jun1978.jpg,Bursera penicillata
340,/Users/mattvalko/Documents/Thesis_Data/Bursera penicillata/ARIZ/Burspen_ARIZ_Soto_18974_25Jun2011.jpg,Bursera penicillata
341,/Users/mattvalko/Documents/Thesis_Data/Bursera penicillata/ARIZ/Burspen_ARIZ_Becerra_153_10Aug1992.jpg,Bursera penicillata
342,/Users/mattvalko/Documents/Thesis_Data/Bursera penicillata/ARIZ/Burspen_ARIZ_Felger_5434-B_22Oct1961.jpg,Bursera penicillata
343,/Users/mattvalko/Documents/Thesis_Data/Bursera penicillata/ARIZ/Burspen_ARIZ_Becerra_155_10Aug1992.jpg,Bursera penicillata
344,/Users/mattvalko/Documents/Thesis_Data/Bursera penicillata/ARIZ/Burspen_ARIZ_Jenkins_90-274_10Oct1990.jpg,Bursera penicillata
345,/Users/mattvalko/Documents/Thesis_Data/Bursera penicillata/ARIZ/Burspen_ARIZ_Reina_2000-329_04Aug2000.jpg,Bursera penicillata
346,/Users/mattvalko/Documents/Thesis_Data/Bursera penicillata/ARIZ/Burspen_ARIZ_Becerra_253_18Jun1993.jpg,Bursera penicillata
347,/Users/mattvalko/Documents/Thesis_Data/Bursera penicillata/ARIZ/Burspen_ARIZ_Martin_s.n._24Aug1990.jpg,Bursera penicillata
348,/Users/mattvalko/Documents/Thesis_Data/Bursera penicillata/NY/Burspen_NY_Rzedowski_37902_30Jul1982.jpg,Bursera penicillata
349,/Users/mattvalko/Documents/Thesis_Data/Bursera penicillata/NY/Burspen_NY_Gentry_6633_15Sep1941.jpg,Bursera penicillata
350,/Users/mattvalko/Documents/Thesis_Data/Bursera penicillata/NY/Burspen_NY_Patino_1010_25Jul1995.jpg,Bursera penicillata
351,/Users/mattvalko/Documents/Thesis_Data/Bursera penicillata/NY/Burspen_NY_Pringle_2333_16Oct1889.jpg,Bursera penicillata
352,/Users/mattvalko/Documents/Thesis_Data/Bursera penicillata/NY/Burspen_NY_Rzedowski_1273_24Aug1976.jpg,Bursera penicillata
353,/Users/mattvalko/Documents/Thesis_Data/Bursera penicillata/NY/Burspen_NY_Jenkins_94-96_20Aug1994.jpg,Bursera penicillata
354,/Users/mattvalko/Documents/Thesis_Data/Bursera penicillata/NY/Burspen_NY_Rose_1620_12Jul1897.jpg,Bursera penicillata
355,/Users/mattvalko/Documents/Thesis_Data/Bursera penicillata/NY/Burspen_NY_Rzedowski_36985_24Jun1982.jpg,Bursera penicillata
356,/Users/mattvalko/Documents/Thesis_Data/Bursera penicillata/NY/Burspen_NY_Lopez_146_28Oct1995.jpg,Bursera penicillata
357,/Users/mattvalko/Documents/Thesis_Data/Bursera penicillata/NY/Burspen_NY_Gentry_6157_2_25Aug1941.jpg,Bursera penicillata
358,/Users/mattvalko/Documents/Thesis_Data/Bursera penicillata/NY/Burspen_NY_Pringle_2576_26Jun1889.jpg,Bursera penicillata
359,/Users/mattvalko/Documents/Thesis_Data/Bursera penicillata/NY/Burspen_NY_Acevedo_15_14Jun1996.jpg,Bursera penicillata
360,/Users/mattvalko/Documents/Thesis_Data/Bursera penicillata/NY/Burspen_NY_Guevara_14448_16Jul2007.jpg,Bursera penicillata
361,/Users/mattvalko/Documents/Thesis_Data/Bursera penicillata/NY/Burspen_NY_Patino_1014_27Jul1995.jpg,Bursera penicillata
362,/Users/mattvalko/Documents/Thesis_Data/Bursera penicillata/NY/Burspen_NY_Cochrane_12968_04Aug1993.jpg,Bursera penicillata
363,/Users/mattvalko/Documents/Thesis_Data/Bursera penicillata/NY/Burspen_NY_Rose_2506_23Aug1897.jpg,Bursera penicillata
364,/Users/mattvalko/Documents/Thesis_Data/Bursera penicillata/NY/Burspen_NY_McVaugh_22004_02Nov1962.jpg,Bursera penicillata
365,/Users/mattvalko/Documents/Thesis_Data/Bursera penicillata/NY/Burspen_NY_Ramirez_521_02Aug1990.jpg,Bursera penicillata
366,/Users/mattvalko/Documents/Thesis_Data/Bursera penicillata/NY/Burspen_NY_Mexia_749_23Sep1926.jpg,Bursera penicillata
367,/Users/mattvalko/Documents/Thesis_Data/Bursera penicillata/NY/Burspen_NY_McVaugh_21972_29Oct1962.jpg,Bursera penicillata
368,/Users/mattvalko/Documents/Thesis_Data/Bursera penicillata/NY/Burspen_NY_Gentry_6157_1_25Aug1941.jpg,Bursera penicillata
369,/Users/mattvalko/Documents/Thesis_Data/Bursera penicillata/NY/Burspen_NY_Rose_4767_05Jul1899.jpg,Bursera penicillata
370,/Users/mattvalko/Documents/Thesis_Data/Bursera penicillata/NY/Burspen_NY_Anderson_3727_25Sep1966.jpg,Bursera penicillata
371,/Users/mattvalko/Documents/Thesis_Data/Bursera penicillata/NY/Burspen_NY_Rzedowski_51821_16Oct1992.jpg,Bursera penicillata
372,/Users/mattvalko/Documents/Thesis_Data/Bursera penicillata/NY/Burspen_NY_Carrillo-Reyes_2026_21Jun2001.jpg,Bursera penicillata
373,/Users/mattvalko/Documents/Thesis_Data/Bursera penicillata/NY/Burspen_NY_Gibson_3373_20Jun1978.jpg,Bursera penicillata
374,/Users/mattvalko/Documents/Thesis_Data/Bursera penicillata/NY/Burspen_NY_Diguet_s.n._01Mar1913.jpg,Bursera penicillata
375,/Users/mattvalko/Documents/Thesis_Data/Bursera penicillata/NY/Burspen_NY_Palmer_Y_1_Aug1885.jpg,Bursera penicillata
376,/Users/mattvalko/Documents/Thesis_Data/Bursera penicillata/NY/Burspen_NY_Halsted_s.n_s.d.jpg,Bursera penicillata
377,/Users/mattvalko/Documents/Thesis_Data/Bursera penicillata/NY/Burspen_NY_Machuca_7478_23Sep1995.jpg,Bursera penicillata
378,/Users/mattvalko/Documents/Thesis_Data/Bursera penicillata/NY/Burspen_NY_Rose_7420_Sep1903.jpg,Bursera penicillata
379,/Users/mattvalko/Documents/Thesis_Data/Bursera penicillata/NY/Burspen_NY_Taylor_s.n._10Aug1969.jpg,Bursera penicillata
380,/Users/mattvalko/Documents/Thesis_Data/Bursera penicillata/NY/Burspen_NY_Rose_3153_15Jul1897.jpg,Bursera penicillata
381,/Users/mattvalko/Documents/Thesis_Data/Bursera penicillata/NY/Burspen_NY_Guevara_14469_16Jul2007.jpg,Bursera penicillata
382,/Users/mattvalko/Documents/Thesis_Data/Bursera penicillata/NY/Burspen_NY_Palmer_Y_2_Aug1885.jpg,Bursera penicillata
383,/Users/mattvalko/Documents/Thesis_Data/Bursera penicillata/NY/Burspen_NY_Acevedo_1452_25Sep1993.jpg,Bursera penicillata
384,/Users/mattvalko/Documents/Thesis_Data/Bursera penicillata/NY/Burspen_NY_Lopez_143_28Oct1995.jpg,Bursera penicillata
385,/Users/mattvalko/Documents/Thesis_Data/Bursera penicillata/NY/Burspen_NY_Rzedowski_1286_24Aug1976.jpg,Bursera penicillata
386,/Users/mattvalko/Documents/Thesis_Data/Bursera penicillata/NY/Burspen_NY_Wallace_247_25Jul1975.jpg,Bursera penicillata
387,/Users/mattvalko/Documents/Thesis_Data/Bursera penicillata/NY/Burspen_NY_Rzedowski_37826_25Jun1982.jpg,Bursera penicillata
388,/Users/mattvalko/Documents/Thesis_Data/Bursera penicillata/NY/Burspen_NY_Diaz_793_26Jun1968.jpg,Bursera penicillata
389,/Users/mattvalko/Documents/Thesis_Data/Bursera penicillata/UCR/Burspen_UCR_Sanders_12845_11Oct1992.jpg,Bursera penicillata
390,/Users/mattvalko/Documents/Thesis_Data/Bursera penicillata/UCR/Burspen_UCR_Sanders_9437_06Sep1989.jpg,Bursera penicillata
391,/Users/mattvalko/Documents/Thesis_Data/Bursera penicillata/UCR/Burspen_UCR_Provance_1317_09Jul1999.jpg,Bursera penicillata
392,/Users/mattvalko/Documents/Thesis_Data/Bursera penicillata/UCR/Burspen_UCR_Provance_1208_05Jul1999.jpg,Bursera penicillata
393,/Users/mattvalko/Documents/Thesis_Data/Bursera penicillata/UCR/Burspen_UCR_Bye_1972_18Aug1971.jpg,Bursera penicillata
394,/Users/mattvalko/Documents/Thesis_Data/Bursera penicillata/UCR/Burspen_UCR_Guerrero_262_21Jul1991.jpg,Bursera penicillata
395,/Users/mattvalko/Documents/Thesis_Data/Bursera penicillata/UCR/Burspen_UCR_Cochrane_12615_22Jun1991.jpg,Bursera penicillata
396,/Users/mattvalko/Documents/Thesis_Data/Bursera penicillata/UCR/Burspen_UCR_Bye_6315_17Jul1974.jpg,Bursera penicillata
397,/Users/mattvalko/Documents/Thesis_Data/Bursera penicillata/K/Burspen_K_McVaugh_17370_27Aug1958.jpg,Bursera penicillata
398,/Users/mattvalko/Documents/Thesis_Data/Bursera penicillata/K/Burspen_K_McVaugh_14960_21Jun1957.jpg,Bursera penicillata
399,/Users/mattvalko/Documents/Thesis_Data/Bursera penicillata/K/Burspen_K_McVaugh_15047_26Jun1957.jpg,Bursera penicillata
400,/Users/mattvalko/Documents/Thesis_Data/Bursera penicillata/K/Burspen_K_McVaugh_15381_13Jul1957.jpg,Bursera penicillata
401,/Users/mattvalko/Documents/Thesis_Data/Bursera penicillata/K/Burspen_K_McVaugh_18320_25Aug1960.jpg,Bursera penicillata
402,/Users/mattvalko/Documents/Thesis_Data/Bursera penicillata/K/Burspen_K_Hinton_10442_01Jun1937.jpg,Bursera penicillata
403,/Users/mattvalko/Documents/Thesis_Data/Bursera penicillata/K/Burspen_K_Palmer_Y_1885.jpg,Bursera penicillata
404,/Users/mattvalko/Documents/Thesis_Data/Bursera penicillata/K/Burspen_K_Gentry_1585_18Aug1935.jpg,Bursera penicillata
405,/Users/mattvalko/Documents/Thesis_Data/Bursera penicillata/K/Burspen_K_Wilbur_2391_18Aug1949.jpg,Bursera penicillata
406,/Users/mattvalko/Documents/Thesis_Data/Bursera penicillata/K/Burspen_K_McVaugh_15125_02Jul1957.jpg,Bursera penicillata
407,/Users/mattvalko/Documents/Thesis_Data/Bursera penicillata/K/Burspen_K_McVaugh_15485_17Jul1957.jpg,Bursera penicillata
408,/Users/mattvalko/Documents/Thesis_Data/Bursera penicillata/K/Burspen_K_Wilbur_1687_12Jul1949.jpg,Bursera penicillata
409,/Users/mattvalko/Documents/Thesis_Data/Bursera penicillata/K/Burspen_K_Wilbur_1385_27Jun1949.jpg,Bursera penicillata
410,/Users/mattvalko/Documents/Thesis_Data/Bursera penicillata/K/Burspen_K_Hinton_10443_01Jun1937.jpg,Bursera penicillata
411,/Users/mattvalko/Documents/Thesis_Data/Bursera penicillata/K/Burspen_K_Feddema_414_13Aug1959.jpg,Bursera penicillata
412,/Users/mattvalko/Documents/Thesis_Data/Bursera penicillata/K/Burspen_K_Diguet_s.n._01Mar1912.jpg,Bursera penicillata
413,/Users/mattvalko/Documents/Thesis_Data/Bursera penicillata/K/Burspen_K_Feddema_719_18Aug1959.jpg,Bursera penicillata
414,/Users/mattvalko/Documents/Thesis_Data/Bursera penicillata/K/Burspen_K_McVaugh_21779_06Oct1962.jpg,Bursera penicillata
415,/Users/mattvalko/Documents/Thesis_Data/Bursera penicillata/K/Burspen_K_Pringle_2576_26Jun1889.jpg,Bursera penicillata
416,/Users/mattvalko/Documents/Thesis_Data/Bursera penicillata/K/Burspen_K_McVaugh_21972_29Oct1962.jpg,Bursera penicillata
417,/Users/mattvalko/Documents/Thesis_Data/Bursera penicillata/K/Burspen_K_Pringle_2333_16Oct1889.jpg,Bursera penicillata
418,/Users/mattvalko/Documents/Thesis_Data/Bursera penicillata/P/Burspen_P_Pringle_2576__1_26Jun1889.jpeg,Bursera penicillata
419,/Users/mattvalko/Documents/Thesis_Data/Bursera penicillata/P/Burspen_P_Labat_1314_03Oct1884.jpeg,Bursera penicillata
420,/Users/mattvalko/Documents/Thesis_Data/Bursera penicillata/P/Burspen_P_Pringle_2333_2_16Oct1889.jpeg,Bursera penicillata
421,/Users/mattvalko/Documents/Thesis_Data/Bursera penicillata/P/Burspen_P_Diguet_s.n._2_1Mar1913.jpeg,Bursera penicillata
422,/Users/mattvalko/Documents/Thesis_Data/Bursera penicillata/P/Burspen_P_Aoust_s.n._1851.jpeg,Bursera penicillata
423,/Users/mattvalko/Documents/Thesis_Data/Bursera penicillata/P/Burspen_P_Pringle_7560_12Jun1898.jpeg,Bursera penicillata
424,/Users/mattvalko/Documents/Thesis_Data/Bursera penicillata/P/Burspen_P_Labat_525_22Aug1883.jpeg,Bursera penicillata
425,/Users/mattvalko/Documents/Thesis_Data/Bursera penicillata/P/Burspen_P_Pringle_2333__1_16Oct1889.jpeg,Bursera penicillata
426,/Users/mattvalko/Documents/Thesis_Data/Bursera penicillata/P/Burspen_P_Aoust_1267_1851.jpeg,Bursera penicillata
427,/Users/mattvalko/Documents/Thesis_Data/Bursera penicillata/P/Burspen_P_Diguet_s.n._1Mar1913.jpeg,Bursera penicillata
428,/Users/mattvalko/Documents/Thesis_Data/Bursera penicillata/P/Burspen_P_Pringle_2576_2_26Jun1889.jpeg,Bursera penicillata
430,/Users/mattvalko/Documents/Thesis_Data/Nicaragua/CAS/Bursgrav_CAS_Atwood_A64_01May1975.jpg,Nicaragua
431,/Users/mattvalko/Documents/Thesis_Data/Nicaragua/US/Bursgrav_US_Atwood_A64_01May1975.jpg,Nicaragua
432,/Users/mattvalko/Documents/Thesis_Data/Nicaragua/US/Bursgrav_US_Maxon_7667_05Jul1923.jpg,Nicaragua
433,/Users/mattvalko/Documents/Thesis_Data/Nicaragua/TEX/Bursgrav_TEX_Stevens_22408B_04Aug1983.jpg,Nicaragua
434,/Users/mattvalko/Documents/Thesis_Data/Nicaragua/TEX/Bursgrav_TEX_Atwood_A64_01May1975.jpg,Nicaragua
435,/Users/mattvalko/Documents/Thesis_Data/Nicaragua/TEX/Bursgrav_TEX_Grijalva_2782_10Jul1983.jpg,Nicaragua
436,/Users/mattvalko/Documents/Thesis_Data/Nicaragua/MO/Bursgrav_MO_Coronado_6890_03Nov2012.jpg,Nicaragua
437,/Users/mattvalko/Documents/Thesis_Data/Nicaragua/MO/Bursgrav_MO_Webster_12074_08Jul1962.jpg,Nicaragua
438,/Users/mattvalko/Documents/Thesis_Data/Nicaragua/MO/Bursgrav_MO_Stevens_22354_04Aug1983.jpg,Nicaragua
439,/Users/mattvalko/Documents/Thesis_Data/Nicaragua/MO/Bursgrav_MO_Stevens_34934_16Jun2014.jpg,Nicaragua
440,/Users/mattvalko/Documents/Thesis_Data/Nicaragua/MO/Bursgrav_MO_Stevens_17208_21May1980.jpg,Nicaragua
441,/Users/mattvalko/Documents/Thesis_Data/Nicaragua/MO/Bursgrav_MO_Stevens_22408B_04Aug1983.jpg,Nicaragua
442,/Users/mattvalko/Documents/Thesis_Data/Nicaragua/MO/Bursgrav_MO_Rueda_13982_22Jun2000.jpg,Nicaragua
443,/Users/mattvalko/Documents/Thesis_Data/Nicaragua/MO/Bursgrav_MO_Hernandez_642_08Aug1984.jpg,Nicaragua
444,/Users/mattvalko/Documents/Thesis_Data/Nicaragua/MO/Bursgrav_MO_Stevens_4430_06Oct1977.jpg,Nicaragua
445,/Users/mattvalko/Documents/Thesis_Data/Nicaragua/MO/Bursgrav_MO_Atwood_A64_01May1975.jpg,Nicaragua
446,/Users/mattvalko/Documents/Thesis_Data/Nicaragua/MO/Bursgrav_MO_Robleto_1994_02Jun1985.jpg,Nicaragua
447,/Users/mattvalko/Documents/Thesis_Data/Nicaragua/MO/Bursgrav_MO_Hall_7876_24Aug1976.jpg,Nicaragua
448,/Users/mattvalko/Documents/Thesis_Data/Nicaragua/MO/Bursgrav_MO_Moreno_4056_24Oct1980.jpg,Nicaragua
449,/Users/mattvalko/Documents/Thesis_Data/Nicaragua/MO/Bursgrav_MO_Santos_81_31Jun1982.jpg,Nicaragua
450,/Users/mattvalko/Documents/Thesis_Data/Nicaragua/MO/Bursgrav_MO_Grijalva_2782_10Jul1983.jpg,Nicaragua
451,/Users/mattvalko/Documents/Thesis_Data/Nicaragua/MO/Bursgrav_MO_Araquistain_3656_19Sep1983.jpg,Nicaragua
452,/Users/mattvalko/Documents/Thesis_Data/Nicaragua/MO/Bursgrav_MO_Henrich_135_19May1981.jpg,Nicaragua
453,/Users/mattvalko/Documents/Thesis_Data/Nicaragua/MO/Bursgrav_MO_Neill_1114_28Oct1976.jpg,Nicaragua
454,/Users/mattvalko/Documents/Thesis_Data/Nicaragua/MO/Bursgrav_MO_Araquistain_3736_14Oct1983.jpg,Nicaragua
455,/Users/mattvalko/Documents/Thesis_Data/Nicaragua/MO/Bursgrav_MO_Stevens_17210_21May1980.jpg,Nicaragua
456,/Users/mattvalko/Documents/Thesis_Data/Nicaragua/MO/Bursgrav_MO_Stevens_3016_07Aug1977.jpg,Nicaragua
457,/Users/mattvalko/Documents/Thesis_Data/Nicaragua/MO/Bursgrav_MO_Stevens_5246_25Nov1977.jpg,Nicaragua
458,/Users/mattvalko/Documents/Thesis_Data/Nicaragua/MO/Bursgrav_MO_Stevens_34363_20Apr2013.jpg,Nicaragua
459,/Users/mattvalko/Documents/Thesis_Data/Nicaragua/MO/Bursgrav_MO_Rueda_12593_27Dec1999.jpg,Nicaragua
460,/Users/mattvalko/Documents/Thesis_Data/Nicaragua/U/Bursgrav_U_Garnier_626_04Sep1937.jpg,Nicaragua
461,/Users/mattvalko/Documents/Thesis_Data/Nicaragua/U/Bursgrav_U_Romero_443_13Jul1989.jpg,Nicaragua
462,/Users/mattvalko/Documents/Thesis_Data/Nicaragua/NY/Bursgrav_NY_Stevens_17210_1_21May1980.jpg,Nicaragua
463,/Users/mattvalko/Documents/Thesis_Data/Nicaragua/NY/Bursgrav_NY_Stevens_5246_1_25Nov1977.jpg,Nicaragua
464,/Users/mattvalko/Documents/Thesis_Data/Nicaragua/NY/Bursgrav_NY_Stevens_22408B_2_04Aug1983.jpg,Nicaragua
465,/Users/mattvalko/Documents/Thesis_Data/Nicaragua/NY/Bursgrav_NY_Maxon_7667_05Jul1923.jpg,Nicaragua
466,/Users/mattvalko/Documents/Thesis_Data/Nicaragua/NY/Bursgrav_NY_Stevens_17210_2_21May1980.jpg,Nicaragua
467,/Users/mattvalko/Documents/Thesis_Data/Nicaragua/NY/Bursgrav_NY_Stevens_22408B_1_04Aug1983.jpg,Nicaragua
468,/Users/mattvalko/Documents/Thesis_Data/Nicaragua/NY/Bursgrav_NY_Stevens_5246_2_25Nov1977.jpg,Nicaragua
469,/Users/mattvalko/Documents/Thesis_Data/Nicaragua/NY/Bursgrav_NY_Stevens_17208_21May1980.jpg,Nicaragua
470,/Users/mattvalko/Documents/Thesis_Data/Nicaragua/NY/Bursgrav_NY_Stevens_3016_07Aug1977.jpg,Nicaragua
471,/Users/mattvalko/Documents/Thesis_Data/Nicaragua/NY/Bursgrav_NY_Stevens_22354_04Aug1983.jpg,Nicaragua
472,/Users/mattvalko/Documents/Thesis_Data/Nicaragua/NY/Bursgrav_NY_Novelo_368_10Jun1977.jpg,Nicaragua
473,/Users/mattvalko/Documents/Thesis_Data/Nicaragua/NY/Bursgrav_NY_Hall_7876_24Aug1976.jpg,Nicaragua
474,/Users/mattvalko/Documents/Thesis_Data/Nicaragua/NY/Bursgrav_NY_Moreno_8921_30May1981.jpg,Nicaragua
475,/Users/mattvalko/Documents/Thesis_Data/Nicaragua/QCA/Bursgrav_QCA_Stevens_22408B_4Aug1983.jpeg,Nicaragua
476,/Users/mattvalko/Documents/Thesis_Data/Nicaragua/QCA/Bursgrav_QCA_Stevens_3016_7Aug1977.jpeg,Nicaragua
477,/Users/mattvalko/Documents/Thesis_Data/Nicaragua/MEXU/Bursgrav_MEXU_Hernandez_642_08Aug1984.jpg,Nicaragua
478,/Users/mattvalko/Documents/Thesis_Data/Nicaragua/MEXU/Bursgrav_MEXU_Stevens_17208_21May1980.jpg,Nicaragua
479,/Users/mattvalko/Documents/Thesis_Data/Nicaragua/MEXU/Bursgrav_MEXU_Stevens_22354_04Aug1983.jpg,Nicaragua
480,/Users/mattvalko/Documents/Thesis_Data/Nicaragua/MEXU/Bursgrav_MEXU_Araquistain_3736_14Oct1983.jpg,Nicaragua
481,/Users/mattvalko/Documents/Thesis_Data/Nicaragua/MEXU/Bursgrav_MEXU_Stevens_17210_21May1980.jpg,Nicaragua
482,/Users/mattvalko/Documents/Thesis_Data/Nicaragua/MEXU/Bursgrav_MEXU_Martinez_1762_28Aug1982.jpg,Nicaragua
483,/Users/mattvalko/Documents/Thesis_Data/Nicaragua/MEXU/Bursgrav_MEXU_Stevens_22408B_04Aug1983.jpg,Nicaragua
484,/Users/mattvalko/Documents/Thesis_Data/Nicaragua/MEXU/Bursgrav_MEXU_Grijalva_2782_10Jul1983.jpg,Nicaragua
485,/Users/mattvalko/Documents/Thesis_Data/Nicaragua/MEXU/Bursgrav_MEXU_Stevens_3016_07Aug1977.jpg,Nicaragua
486,/Users/mattvalko/Documents/Thesis_Data/Nicaragua/MEXU/Bursgrav_MEXU_Stevens_5246_25Nov1977.jpg,Nicaragua
487,/Users/mattvalko/Documents/Thesis_Data/Nicaragua/MEXU/Bursgrav_MEXU_Rueda_13982_22Jun2000.jpg,Nicaragua
488,/Users/mattvalko/Documents/Thesis_Data/Nicaragua/P/Bursgrav_P_Robleto_1994_02Jun1985.jpeg,Nicaragua
489,/Users/mattvalko/Documents/Thesis_Data/Colombia/US/Bursgrav_US_Heriberto_102_1919.jpg,Colombia
490,/Users/mattvalko/Documents/Thesis_Data/Colombia/US/Bursgrav_US_Smith_2396_01May1901.jpg,Colombia
491,/Users/mattvalko/Documents/Thesis_Data/Colombia/US/Bursgrav_US_Little_8964_22Nov1944.jpg,Colombia
492,/Users/mattvalko/Documents/Thesis_Data/Colombia/US/Bursgrav_US_Arbelaez_362_Jul1930.jpg,Colombia
493,/Users/mattvalko/Documents/Thesis_Data/Colombia/US/Bursgrav_US_Curran_s.n._dup_Jun1916.jpg,Colombia
494,/Users/mattvalko/Documents/Thesis_Data/Colombia/US/Bursgrav_US_Dugand_673_20Jul1934.jpg,Colombia
495,/Users/mattvalko/Documents/Thesis_Data/Colombia/US/Bursgrav_US_1715_s.d.jpg,Colombia
496,/Users/mattvalko/Documents/Thesis_Data/Colombia/US/Bursgrav_US_Curran_s.n._Jun1916.jpg,Colombia
497,/Users/mattvalko/Documents/Thesis_Data/Colombia/US/Bursgrav_US_Haught_5138_26Oct1946.jpg,Colombia
498,/Users/mattvalko/Documents/Thesis_Data/Colombia/US/Bursgrav_US_Elias_240_Jul1927.jpg,Colombia
499,/Users/mattvalko/Documents/Thesis_Data/Colombia/US/Bursgrav_US_Dryander_2710_Apr1943.jpg,Colombia
500,/Users/mattvalko/Documents/Thesis_Data/Colombia/US/Bursgrav_US_Dawe_483_Sep1916.jpg,Colombia
501,/Users/mattvalko/Documents/Thesis_Data/Colombia/US/Bursgrav_US_Mutis_724_1760.jpg,Colombia
502,/Users/mattvalko/Documents/Thesis_Data/Colombia/TEX/Bursgrav_TEX_Gentry_47598_03Jul1984.jpg,Colombia
503,/Users/mattvalko/Documents/Thesis_Data/Colombia/TEX/Bursgrav_TEX_Smith_2396_May1898.jpg,Colombia
504,/Users/mattvalko/Documents/Thesis_Data/Colombia/MO/Bursgrav_MO_Zarucchi_6420_10May1988.jpg,Colombia
505,/Users/mattvalko/Documents/Thesis_Data/Colombia/MO/Bursgrav_MO_Gentry_47598_03Jul1984.jpg,Colombia
506,/Users/mattvalko/Documents/Thesis_Data/Colombia/MO/Bursgrav_MO_Romero-Castaneda_10602_09Dec1966.jpg,Colombia
507,/Users/mattvalko/Documents/Thesis_Data/Colombia/MO/Bursgrav_MO_Gentry_60643_12Jan1988.jpg,Colombia
508,/Users/mattvalko/Documents/Thesis_Data/Colombia/E /Bursgrav_E_Smith_2396_01May1901.jpg,Colombia
509,/Users/mattvalko/Documents/Thesis_Data/Colombia/U/Bursgrav_U_Arbelaez_362_Jul1930.jpg,Colombia
510,/Users/mattvalko/Documents/Thesis_Data/Colombia/U/Bursgrav_U_Smith_2396_May1898.jpg,Colombia
511,/Users/mattvalko/Documents/Thesis_Data/Colombia/U/Bursgrav_U_Gentry_47598_03Jul1984.jpg,Colombia
512,/Users/mattvalko/Documents/Thesis_Data/Colombia/HUA/Bursgrav_HUA_Duque_4232_Jan1947.jpg,Colombia
513,/Users/mattvalko/Documents/Thesis_Data/Colombia/HUA/Bursgrav_HUA_Betancur_11346_05Jan2005_dup.jpg,Colombia
514,/Users/mattvalko/Documents/Thesis_Data/Colombia/HUA/Bursgrav_HUA_Duque_4232_Jan1947_dup.jpg,Colombia
515,/Users/mattvalko/Documents/Thesis_Data/Colombia/HUA/Bursgrav_HUA_Betancur_11346_05Jan2005.jpg,Colombia
516,/Users/mattvalko/Documents/Thesis_Data/Colombia/HUA/Bursgrav_HUA_David_5426_20Jul2016.jpg,Colombia
517,/Users/mattvalko/Documents/Thesis_Data/Colombia/HUA/Bursgrav_HUA_David_5721_30Mar2017.jpg,Colombia
518,/Users/mattvalko/Documents/Thesis_Data/Colombia/HUA/Bursgrav_HUA_Pieros_001_04Oct2003.jpg,Colombia
519,/Users/mattvalko/Documents/Thesis_Data/Colombia/HUA/Bursgrav_HUA_Sanchz_103_18May1980.jpg,Colombia
520,/Users/mattvalko/Documents/Thesis_Data/Colombia/HUA/Bursgrav_HUA_Zarucchi_6420_10May1988.jpg,Colombia
521,/Users/mattvalko/Documents/Thesis_Data/Colombia/HUA/Bursgrav_HUA_Madrigal_1389_04Nov1995.jpg,Colombia
522,/Users/mattvalko/Documents/Thesis_Data/Colombia/HUA/Bursgrav_HUA_Trujillo_4377_17Nov2009.jpg,Colombia
523,/Users/mattvalko/Documents/Thesis_Data/Colombia/S/Bursgrav_S_Smith_2396_01May1901.jpg,Colombia
524,/Users/mattvalko/Documents/Thesis_Data/Colombia/UDBC/Bursgrav_UDBC_Mendez_s.n._Dec2002.jpg,Colombia
525,/Users/mattvalko/Documents/Thesis_Data/Colombia/UDBC/Bursgrav_UDBC_Mahecha_4477_Oct1987.jpg,Colombia
526,/Users/mattvalko/Documents/Thesis_Data/Colombia/UDBC/Bursgrav_UDBC_Sarmiento_014_5Aug2015.jpg,Colombia
527,/Users/mattvalko/Documents/Thesis_Data/Colombia/UDBC/Bursgrav_UDBC_Mahecha_9063_1962.jpg,Colombia
528,/Users/mattvalko/Documents/Thesis_Data/Colombia/UDBC/Bursgrav_UDBC_Goitia_2100_Aug1962.jpg,Colombia
529,/Users/mattvalko/Documents/Thesis_Data/Colombia/JBGP/Bursgrav_JBGP_Cuadros_5115_15Jun1993.jpg,Colombia
530,/Users/mattvalko/Documents/Thesis_Data/Colombia/AAU/Bursgrav_AAU_Zarucchi_6420_10May1988.JPG,Colombia
531,/Users/mattvalko/Documents/Thesis_Data/Colombia/AAU/Bursgrav_AAU_Romero-Castaneda_6009_18Apr1956.JPG,Colombia
532,/Users/mattvalko/Documents/Thesis_Data/Colombia/NY/Bursgrav_NY_Gentry_47598_03Jul1984.jpg,Colombia
533,/Users/mattvalko/Documents/Thesis_Data/Colombia/NY/Bursgrav_NY_Smith_820_1899.jpg,Colombia
534,/Users/mattvalko/Documents/Thesis_Data/Colombia/NY/Bursgrav_NY_Pittier_1720_Jun1906.jpg,Colombia
535,/Users/mattvalko/Documents/Thesis_Data/Colombia/NY/Bursgrav_NY_Lehmann_BT903_1932.jpg,Colombia
536,/Users/mattvalko/Documents/Thesis_Data/Colombia/NY/Bursgrav_NY_Little_8964_22Nov1944.jpg,Colombia
537,/Users/mattvalko/Documents/Thesis_Data/Colombia/NY/Bursgrav_NY_Zarucchi_6420_10May1988.jpg,Colombia
538,/Users/mattvalko/Documents/Thesis_Data/Colombia/NY/Bursgrav_NY_Romero-Castaneda_10602_09Dec1966.jpg,Colombia
539,/Users/mattvalko/Documents/Thesis_Data/Colombia/NY/Bursgrav_NY_Smith_2396_01May1901.jpg,Colombia
540,/Users/mattvalko/Documents/Thesis_Data/Colombia/NY/Bursgrav_NY_Smith_821_20Jul1899.jpg,Colombia
541,/Users/mattvalko/Documents/Thesis_Data/Colombia/NY/Bursgrav_NY_Arbelaez_362_Jul1930.jpg,Colombia
542,/Users/mattvalko/Documents/Thesis_Data/Colombia/BR/Bursgrav_BR_Smith_2396_May1898.jpg,Colombia
543,/Users/mattvalko/Documents/Thesis_Data/Colombia/B/Bursgrav_B-WILLD-7282_Humboldt_Bonpland_1626_isotype.jpg,Colombia
544,/Users/mattvalko/Documents/Thesis_Data/Colombia/B/Bursgrav_B-WILLD-7281_Humboldt_Bonpland_s.n.jpg,Colombia
545,/Users/mattvalko/Documents/Thesis_Data/Colombia/L/Bursgrav_L_Smith_2396_May1898.jpg,Colombia
546,/Users/mattvalko/Documents/Thesis_Data/Colombia/COL/JPEG/Bursgrav_COL_Arbelez_362_Jul1930.jpg,Colombia
547,/Users/mattvalko/Documents/Thesis_Data/Colombia/COL/JPEG/Bursgrav_COL_Granados_sn_15Oct2001.jpg,Colombia
548,/Users/mattvalko/Documents/Thesis_Data/Colombia/COL/JPEG/Bursgrav_COL_Little_8964_22Nov1944_dup.jpg,Colombia
549,/Users/mattvalko/Documents/Thesis_Data/Colombia/COL/JPEG/Bursgrav_COL_Hernn_2696_7May1984.jpg,Colombia
550,/Users/mattvalko/Documents/Thesis_Data/Colombia/COL/JPEG/Bursgrav_COL_Ariza_198_01Jun1997.jpg,Colombia
551,/Users/mattvalko/Documents/Thesis_Data/Colombia/COL/JPEG/Bursgrav_COL_Dueas_2977_19Oct2011.jpg,Colombia
552,/Users/mattvalko/Documents/Thesis_Data/Colombia/COL/JPEG/Bursgrav_COL_Surez_91_12Dec1999.jpg,Colombia
553,/Users/mattvalko/Documents/Thesis_Data/Colombia/COL/JPEG/Bursgrav_COL_Mora_13_25May2007.jpg,Colombia
554,/Users/mattvalko/Documents/Thesis_Data/Colombia/COL/JPEG/Bursgrav_COL_Hernndez_681_Dec1952.jpg,Colombia
555,/Users/mattvalko/Documents/Thesis_Data/Colombia/COL/JPEG/Bursgrav_COL_Granados_sn2_15Oct2001.jpg,Colombia
556,/Users/mattvalko/Documents/Thesis_Data/Colombia/COL/JPEG/Bursgrav_COL_Serrano_01_21Feb2012.jpg,Colombia
557,/Users/mattvalko/Documents/Thesis_Data/Colombia/COL/JPEG/Bursgrav_COL_lvarez_01_sn.jpg,Colombia
558,/Users/mattvalko/Documents/Thesis_Data/Colombia/COL/JPEG/Bursgrav_COL_Haught_5138_26Oct1946.jpg,Colombia
559,/Users/mattvalko/Documents/Thesis_Data/Colombia/COL/JPEG/Bursgrav_COL_Arbelez_362_Jul1930_dup.jpg,Colombia
560,/Users/mattvalko/Documents/Thesis_Data/Colombia/COL/JPEG/Bursgrav_COL_Caroprese_117_30Aug2011.jpg,Colombia
561,/Users/mattvalko/Documents/Thesis_Data/Colombia/COL/JPEG/Bursgrav_COL_Dueas_3000_21Oct2011.jpg,Colombia
562,/Users/mattvalko/Documents/Thesis_Data/Colombia/COL/JPEG/Bursgrav_COL_Betancur_11346_05Jan2005.jpg,Colombia
563,/Users/mattvalko/Documents/Thesis_Data/Colombia/COL/JPEG/Bursgrav_COL_Gonzlez_049_22May2005.jpg,Colombia
564,/Users/mattvalko/Documents/Thesis_Data/Colombia/COL/JPEG/Bursgrav_COL_Sanabria_33_30Oct1978.jpg,Colombia
565,/Users/mattvalko/Documents/Thesis_Data/Colombia/COL/JPEG/Bursgrav_COL_Marrugo_761_21Apr2002.jpg,Colombia
566,/Users/mattvalko/Documents/Thesis_Data/Colombia/COL/JPEG/Bursgrav_COL_Correa_sn_16Feb2003.jpg,Colombia
567,/Users/mattvalko/Documents/Thesis_Data/Colombia/COL/JPEG/Bursgrav_COL_Pieros_001_04Oct2003.jpg,Colombia
568,/Users/mattvalko/Documents/Thesis_Data/Colombia/COL/JPEG/Bursgrav_COL_Galen_1170_8Jul1950.jpg,Colombia
569,/Users/mattvalko/Documents/Thesis_Data/Colombia/COL/JPEG/Bursgrav_COL_Romero-Castaeda_10602_9Dec1966.jpg,Colombia
570,/Users/mattvalko/Documents/Thesis_Data/Colombia/COL/JPEG/Bursgrav_COL_Gentry_47598_03Jul1984.jpg,Colombia
571,/Users/mattvalko/Documents/Thesis_Data/Colombia/COL/JPEG/Bursgrav_COL_Infante-Betancour_JAI662_22May2009.jpg,Colombia
572,/Users/mattvalko/Documents/Thesis_Data/Colombia/COL/JPEG/Bursgrav_COL_Schnetter_122_30Nov1966.jpg,Colombia
573,/Users/mattvalko/Documents/Thesis_Data/Colombia/COL/JPEG/Bursgrav_COL_Fernndez-Alonso_22628_22Sept2004.jpg,Colombia
574,/Users/mattvalko/Documents/Thesis_Data/Colombia/COL/JPEG/Bursgrav_COL_Gonzlez_022_09Mar2005.jpg,Colombia
575,/Users/mattvalko/Documents/Thesis_Data/Colombia/COL/JPEG/Bursgrav_COL_Estupin_99_11Jul2007.jpg,Colombia
576,/Users/mattvalko/Documents/Thesis_Data/Colombia/COL/JPEG/Bursgrav_COL_Ariza_164_04Mar1997.jpg,Colombia
577,/Users/mattvalko/Documents/Thesis_Data/Colombia/COL/JPEG/Bursgrav_COL_Romero-Castaeda_9900_13Sep1963.jpg,Colombia
578,/Users/mattvalko/Documents/Thesis_Data/Colombia/COL/JPEG/Bursgrav_COL_Romero-Castaeda_6009_18Apr1956.jpg,Colombia
579,/Users/mattvalko/Documents/Thesis_Data/Colombia/COL/JPEG/Bursgrav_COL_sn_sn_Oct1954.jpg,Colombia
580,/Users/mattvalko/Documents/Thesis_Data/Colombia/COL/JPEG/Bursgrav_COL_Winkler_249_01Jan1967.jpg,Colombia
581,/Users/mattvalko/Documents/Thesis_Data/Colombia/COL/JPEG/Bursgrav_COL_Little_8964_22Nov1944.jpg,Colombia
582,/Users/mattvalko/Documents/Thesis_Data/Colombia/COL/JPEG/Bursgrav_COL_Figueroa_90_15Apr2003.jpg,Colombia
583,/Users/mattvalko/Documents/Thesis_Data/Colombia/COL/JPEG/Bursgrav_COL_Arbelez_5158-A_Jul1936.jpg,Colombia
584,/Users/mattvalko/Documents/Thesis_Data/Colombia/COL/JPEG/Bursgrav_COL_Zarucchi_6420_10May1988.jpg,Colombia
585,/Users/mattvalko/Documents/Thesis_Data/Colombia/COL/JPEG/Bursgrav_COL_Ariza_413_08Jun1997.jpg,Colombia
587,/Users/mattvalko/Documents/Thesis_Data/Colombia/P/Bursgrav_P_Romero-Castaneda_10602_09Dec1966.jpeg,Colombia
588,/Users/mattvalko/Documents/Thesis_Data/Colombia/P/Bursgrav_P_Humboldt_Bonpland_1626_type.jpeg,Colombia
589,/Users/mattvalko/Documents/Thesis_Data/Colombia/P/Bursgrav_P_Humboldt_Bonpland_1626_syn1.jpeg,Colombia
590,/Users/mattvalko/Documents/Thesis_Data/Colombia/P/Bursgrav_P_Humboldt_Bonpland_1626_syn2.jpeg,Colombia
591,/Users/mattvalko/Documents/Thesis_Data/Colombia/P/Bursgrav_P_Smith_2396_1_01May1901.jpeg,Colombia
592,/Users/mattvalko/Documents/Thesis_Data/Colombia/P/Bursgrav_P_Goudot_s.n._01Aug1844.jpeg,Colombia
593,/Users/mattvalko/Documents/Thesis_Data/Colombia/P/Bursgrav_P_Humboldt_Bonpland_1626_syn3.jpeg,Colombia
594,/Users/mattvalko/Documents/Thesis_Data/Colombia/P/Bursgrav_P_Smith_2396__2_01May1901.jpeg,Colombia
595,/Users/mattvalko/Documents/Thesis_Data/Colombia/P/Bursgrav_P_Goudot_s.n._1844.jpeg,Colombia
597,/Users/mattvalko/Documents/Thesis_Data/Mexico/CAS/Bursgrav_CAS_Rzedowski_28163_27Jun1971.jpg,Mexico
598,/Users/mattvalko/Documents/Thesis_Data/Mexico/CAS/Bursgrav_CAS_Ventura_3648_07Jun1971.jpg,Mexico
599,/Users/mattvalko/Documents/Thesis_Data/Mexico/CAS/Bursgrav_CAS_Gaumer_690_1_1895.jpg,Mexico
600,/Users/mattvalko/Documents/Thesis_Data/Mexico/CAS/Bursgrav_CAS_Ventura_3645_07Jun1971.jpg,Mexico
601,/Users/mattvalko/Documents/Thesis_Data/Mexico/CAS/Bursgrav_CAS_Gaumer_690_2_1895.jpg,Mexico
602,/Users/mattvalko/Documents/Thesis_Data/Mexico/US/Bursgrav_US_Sanchez_873_02Jun2014.jpg,Mexico
603,/Users/mattvalko/Documents/Thesis_Data/Mexico/US/Bursgrav_US_Miranda_5318_5Jun1949.jpg,Mexico
604,/Users/mattvalko/Documents/Thesis_Data/Mexico/US/Bursgrav_US_Gaumer_690_dup_1895.jpg,Mexico
605,/Users/mattvalko/Documents/Thesis_Data/Mexico/US/Bursgrav_US_Gaumer_690_1895.jpg,Mexico
606,/Users/mattvalko/Documents/Thesis_Data/Mexico/US/Bursgrav_US_Ventura_3645_7Jun1971.jpg,Mexico
607,/Users/mattvalko/Documents/Thesis_Data/Mexico/TEX/Bursgrav_TEX_Leyva_143_11Jun2009.jpg,Mexico
608,/Users/mattvalko/Documents/Thesis_Data/Mexico/TEX/Bursgrav_TEX_Novelo_368_10Jun1977.jpg,Mexico
609,/Users/mattvalko/Documents/Thesis_Data/Mexico/TEX/Bursgrav_TEX_Alcorn_3311_07Jul1979.jpg,Mexico
610,/Users/mattvalko/Documents/Thesis_Data/Mexico/TEX/Bursgrav_TEX_Ventura_3645_07Jun1971.jpg,Mexico
611,/Users/mattvalko/Documents/Thesis_Data/Mexico/TEX/Bursgrav_TEX_Rzedowski_28163_27Jun1971.jpg,Mexico
612,/Users/mattvalko/Documents/Thesis_Data/Mexico/TEX/Bursgrav_TEX_Ventura_8378_14Jun1973.jpg,Mexico
613,/Users/mattvalko/Documents/Thesis_Data/Mexico/MO/Bursgrav_MO_Rivera_1871_02Sept1999.jpg,Mexico
614,/Users/mattvalko/Documents/Thesis_Data/Mexico/MO/Bursgrav_MO_Ventura_18901_31Jul1981.jpg,Mexico
615,/Users/mattvalko/Documents/Thesis_Data/Mexico/MO/Bursgrav_MO_Ventura_18890_29Jul1981.jpg,Mexico
616,/Users/mattvalko/Documents/Thesis_Data/Mexico/MO/Bursgrav_MO_Gaumer_690_1895.jpg,Mexico
617,/Users/mattvalko/Documents/Thesis_Data/Mexico/MO/Bursgrav_MO_Ventura_18913_03Aug1981.jpg,Mexico
618,/Users/mattvalko/Documents/Thesis_Data/Mexico/MO/Bursgrav_MO_Ventura_20435_16Jul1983.jpg,Mexico
619,/Users/mattvalko/Documents/Thesis_Data/Mexico/MO/Bursgrav_MO_Magana_314_23Jul1981.jpg,Mexico
620,/Users/mattvalko/Documents/Thesis_Data/Mexico/MO/Bursgrav_MO_Dorantes_1261_05Jul1972.jpg,Mexico
621,/Users/mattvalko/Documents/Thesis_Data/Mexico/MO/Bursgrav_MO_Purpus_6157_Aug1912.jpg,Mexico
622,/Users/mattvalko/Documents/Thesis_Data/Mexico/MO/Bursgrav_MO_Ventura_18907_01Aug1981.jpg,Mexico
623,/Users/mattvalko/Documents/Thesis_Data/Mexico/ARIZ/Bursgrav_ARIZ_Ventura_18913_03Aug1981.jpg,Mexico
624,/Users/mattvalko/Documents/Thesis_Data/Mexico/ARIZ/Bursgrav_ARIZ_Rzedowski_28163_27Jun1971.jpg,Mexico
625,/Users/mattvalko/Documents/Thesis_Data/Mexico/NY/Bursgrav_NY_Frias_19_11Jun1978.jpg,Mexico
626,/Users/mattvalko/Documents/Thesis_Data/Mexico/NY/Bursgrav_NY_Rzedowski_34116_12Apr1976.jpg,Mexico
627,/Users/mattvalko/Documents/Thesis_Data/Mexico/NY/Bursgrav_NY_Rzedowski_35661_22May1978.jpg,Mexico
628,/Users/mattvalko/Documents/Thesis_Data/Mexico/NY/Bursgrav_NY_Salas_3237_08Jan2000.jpg,Mexico
629,/Users/mattvalko/Documents/Thesis_Data/Mexico/NY/Bursgrav_NY_Salas_5970_26May2006.jpg,Mexico
630,/Users/mattvalko/Documents/Thesis_Data/Mexico/NY/Bursgrav_NY_Ventura_17930_01Nov1980.jpg,Mexico
631,/Users/mattvalko/Documents/Thesis_Data/Mexico/NY/Bursgrav_NY_Ventura_15360_12Jun1978.jpg,Mexico
632,/Users/mattvalko/Documents/Thesis_Data/Mexico/NY/Bursgrav_NY_Rzedowski_28163_27Jun1971.jpg,Mexico
633,/Users/mattvalko/Documents/Thesis_Data/Mexico/NY/Bursgrav_NY_Rzedowski_32852_20Apr1975.jpg,Mexico
634,/Users/mattvalko/Documents/Thesis_Data/Mexico/NY/Bursgrav?_NY_Cowan_3391_04Jul1981.jpg,Mexico
635,/Users/mattvalko/Documents/Thesis_Data/Mexico/MEXU/Bursgrav_MEXU_Medina_272_30Jun1985.jpg,Mexico
636,/Users/mattvalko/Documents/Thesis_Data/Mexico/MEXU/Bursgrav_MEXU_Saynes_3008_22Jul2002.jpg,Mexico
637,/Users/mattvalko/Documents/Thesis_Data/Mexico/MEXU/Bursgrav_MEXU_Castillo-Campos_15097_16Aug1996.jpg,Mexico
638,/Users/mattvalko/Documents/Thesis_Data/Mexico/MEXU/Bursgrav_MEXU_Sanchez_873_02Jun2014.jpg,Mexico
639,/Users/mattvalko/Documents/Thesis_Data/Mexico/MEXU/Bursgrav_MEXU_Martinez_1_14Aug1984.jpg,Mexico
640,/Users/mattvalko/Documents/Thesis_Data/Mexico/MEXU/Bursgrav_MEXU_Rivera_1871_02Sept1999.jpg,Mexico
641,/Users/mattvalko/Documents/Thesis_Data/Mexico/MEXU/Bursgrav_MEXU_Salas_3237_01Aug2000.jpg,Mexico
642,/Users/mattvalko/Documents/Thesis_Data/Mexico/MEXU/Bursgrav_MEXU_Solheim_1745_3Jul1984.jpg,Mexico
643,/Users/mattvalko/Documents/Thesis_Data/Mexico/MEXU/Bursgrav_MEXU_RicardezCastillo_279_9Jun1970.jpg,Mexico
644,/Users/mattvalko/Documents/Thesis_Data/Mexico/MEXU/Bursgrav_MEXU_Elorsa_4874_18Jul2001.jpg,Mexico
645,/Users/mattvalko/Documents/Thesis_Data/Mexico/MEXU/Bursgrav_MEXU_Medina Lemos_1052_9Jun2002.jpg,Mexico
646,/Users/mattvalko/Documents/Thesis_Data/Mexico/MEXU/Bursgrav_MEXU_Martinez_32401_17Jun1999.jpg,Mexico
647,/Users/mattvalko/Documents/Thesis_Data/Mexico/MEXU/Bursgrav_MEXU_Elorsa_293_21Jun1998.jpg,Mexico
648,/Users/mattvalko/Documents/Thesis_Data/Mexico/MEXU/Bursgrav_MEXU_Ventura_17930_01Nov1980.jpg,Mexico
649,/Users/mattvalko/Documents/Thesis_Data/Mexico/MEXU/Bursgrav_MEXU_Ventura_18901_31Jul1981.jpg,Mexico
650,/Users/mattvalko/Documents/Thesis_Data/Mexico/MEXU/Bursgrav_MEXU_Martinez_32384_16Jun1999.jpg,Mexico
651,/Users/mattvalko/Documents/Thesis_Data/Mexico/MEXU/Bursgrav_MEXU_Salas_2311_14Sept1999.jpg,Mexico
652,/Users/mattvalko/Documents/Thesis_Data/Mexico/MEXU/Bursgrav_MEXU_Elorsa_483_30Jul1998.jpg,Mexico
653,/Users/mattvalko/Documents/Thesis_Data/Mexico/MEXU/Bursgrav_MEXU_Castillo-Campos_18389_18Sept1998.jpg,Mexico
654,/Users/mattvalko/Documents/Thesis_Data/Mexico/MEXU/Bursgrav_MEXU_Elorsa_6829_14Jun2003.jpg,Mexico
655,/Users/mattvalko/Documents/Thesis_Data/Mexico/MEXU/Bursgrav_MEXU_Salas_2089_24Jul1999.jpg,Mexico
656,/Users/mattvalko/Documents/Thesis_Data/Mexico/MEXU/Bursgrav_MEXU_Salas_5278_01Jun2005.jpg,Mexico
657,/Users/mattvalko/Documents/Thesis_Data/Mexico/MEXU/Bursgrav_MEXU_Magana_314_23Jul1981.jpg,Mexico
658,/Users/mattvalko/Documents/Thesis_Data/Mexico/MEXU/Bursgrav_MEXU_Ventura_18890_29Jul1981.jpg,Mexico
659,/Users/mattvalko/Documents/Thesis_Data/Mexico/MEXU/Bursgrav_MEXU_Martinez_32514_26Aug1999.jpg,Mexico
660,/Users/mattvalko/Documents/Thesis_Data/Mexico/MEXU/Bursgrav_MEXU_Elorsa_341_03Jul1998.jpg,Mexico
661,/Users/mattvalko/Documents/Thesis_Data/Mexico/MEXU/Bursgrav_MEXU_Dorantes_1211_01Jul1972.jpg,Mexico
662,/Users/mattvalko/Documents/Thesis_Data/Mexico/MEXU/Bursgrav_MEXU_Ventura_14145_17Jun1977.jpg,Mexico
663,/Users/mattvalko/Documents/Thesis_Data/Mexico/MEXU/Bursgrav_MEXU_Becerra_NS_Feb1922.jpg,Mexico
664,/Users/mattvalko/Documents/Thesis_Data/Mexico/MEXU/Bursgrav_MEXU_Martinez_32379_sheet1_16Jun1999.jpg,Mexico
665,/Users/mattvalko/Documents/Thesis_Data/Mexico/MEXU/Bursgrav_MEXU_Elorsa_4811_12Jul2001.jpg,Mexico
666,/Users/mattvalko/Documents/Thesis_Data/Mexico/MEXU/Bursgrav_MEXU_Martinez_39917_26May2007.jpg,Mexico
667,/Users/mattvalko/Documents/Thesis_Data/Mexico/MEXU/Bursgrav_MEXU_Castillo-Campos_16009_16Aug1996.jpg,Mexico
668,/Users/mattvalko/Documents/Thesis_Data/Mexico/MEXU/Bursgrav_MEXU_Acosta_725_05Jul1985.jpg,Mexico
669,/Users/mattvalko/Documents/Thesis_Data/Mexico/MEXU/Bursgrav_MEXU_Fernandez_1086b_22Apr1982.jpg,Mexico
670,/Users/mattvalko/Documents/Thesis_Data/Mexico/MEXU/Bursgrav_MEXU_Elorsa_6094_31May2002.jpg,Mexico
671,/Users/mattvalko/Documents/Thesis_Data/Mexico/MEXU/Bursgrav_MEXU_Ventura_18907_01Aug1981.jpg,Mexico
672,/Users/mattvalko/Documents/Thesis_Data/Mexico/MEXU/Bursgrav_MEXU_Martinez_32379_sheet2_16Jun1999.jpg,Mexico
673,/Users/mattvalko/Documents/Thesis_Data/Mexico/MEXU/Bursgrav_MEXU_Ventura_15360_12Jun1978.jpg,Mexico
674,/Users/mattvalko/Documents/Thesis_Data/Mexico/MEXU/Bursgrav_MEXU_Salas_5970_26May2006.jpg,Mexico
675,/Users/mattvalko/Documents/Thesis_Data/Mexico/MEXU/Bursgrav_MEXU_Rivera_733_7Jul1998.jpg,Mexico
676,/Users/mattvalko/Documents/Thesis_Data/Mexico/MEXU/Bursgrav_MEXU_Novelo_368_10Jun1977.jpg,Mexico
677,/Users/mattvalko/Documents/Thesis_Data/Mexico/MEXU/Bursgrav_MEXU_Ventura_18913_03Aug1981.jpg,Mexico
678,/Users/mattvalko/Documents/Thesis_Data/Mexico/MEXU/Bursgrav_MEXU_Leyva-Marquez_143_11Jun2009.jpg,Mexico
679,/Users/mattvalko/Documents/Thesis_Data/Mexico/MEXU/Bursgrav_MEXU_Leonti_60_22Jun1999.jpg,Mexico
680,/Users/mattvalko/Documents/Thesis_Data/Mexico/MEXU/Bursgrav_MEXU_Elorsa_7175_03Sept2003.jpg,Mexico
681,/Users/mattvalko/Documents/Thesis_Data/Mexico/MEXU/Bursgrav_MEXU_Elorsa_7076_14Aug2003.jpg,Mexico
682,/Users/mattvalko/Documents/Thesis_Data/Mexico/MEXU/Bursgrav_MEXU_Martinez_32388_16Jun1999.jpg,Mexico
683,/Users/mattvalko/Documents/Thesis_Data/Mexico/MEXU/Bursgrav_MEXU_Miranda_1955_23Jun1942.jpg,Mexico
684,/Users/mattvalko/Documents/Thesis_Data/Mexico/MEXU/Bursgrav_MEXU_Miranda_5318_5Jun1949.jpg,Mexico
685,/Users/mattvalko/Documents/Thesis_Data/Mexico/MEXU/Bursgrav_MEXU_Vazquez_737_24Jun1972.jpg,Mexico
686,/Users/mattvalko/Documents/Thesis_Data/Mexico/MEXU/Bursgrav_MEXU_Lopez-Torres_NS_05Sept1998.jpg,Mexico
687,/Users/mattvalko/Documents/Thesis_Data/Mexico/MEXU/Bursgrav_MEXU_Dorantes_1261_05Jul1972.jpg,Mexico
688,/Users/mattvalko/Documents/Thesis_Data/Mexico/B/Bursgrav_B-WILLD-7283_Humboldt_Bonpland_s.n._1803.jpg,Mexico
689,/Users/mattvalko/Documents/Thesis_Data/Mexico/K/Bursgrav_K_Gaumer_690_1895.jpg,Mexico
690,/Users/mattvalko/Documents/Thesis_Data/Mexico/P/Bursgrav_P_Hahn_s.n._1865.jpeg,Mexico
692,/Users/mattvalko/Documents/Thesis_Data/Peru/US/Bursgrav_US_Weberbauer_7753_11Mar1927.jpg,Peru
693,/Users/mattvalko/Documents/Thesis_Data/Peru/US/Bursgrav_US_Weberbauer_6509_Mar1913.jpg,Peru
694,/Users/mattvalko/Documents/Thesis_Data/Peru/US/Bursgrav_US_Haught_135_1926.jpg,Peru
695,/Users/mattvalko/Documents/Thesis_Data/Peru/US/Bursgrav_US_Weberbauer_7724_27Feb1927.jpg,Peru
696,/Users/mattvalko/Documents/Thesis_Data/Peru/MO/Bursgrav_MO_Sagastegui_12454_02Feb1985.jpg,Peru
697,/Users/mattvalko/Documents/Thesis_Data/Peru/MO/Bursgrav_MO_Sagastegui_15191_12May1994.jpg,Peru
698,/Users/mattvalko/Documents/Thesis_Data/Peru/MO/Bursgrav_MO_Gentry_22543_9June1978.jpg,Peru
699,/Users/mattvalko/Documents/Thesis_Data/Peru/MO/Bursgrav_MO_Weigend_8531_01May2006.jpg,Peru
700,/Users/mattvalko/Documents/Thesis_Data/Peru/MO/Bursgrav_MO_Diaz_4073_5May1990.jpg,Peru
701,/Users/mattvalko/Documents/Thesis_Data/Peru/MO/Bursgrav_MO_Sagastegui_9958_04Apr1981.jpg,Peru
702,/Users/mattvalko/Documents/Thesis_Data/Peru/MO/Bursgrav_MO_Diaz_2187_23Oct1986.jpg,Peru
703,/Users/mattvalko/Documents/Thesis_Data/Peru/HUT/Bursgrav_HUT_Collins_036_02Apr2019.jpeg,Peru
704,/Users/mattvalko/Documents/Thesis_Data/Peru/HUT/Bursgrav_HUT_Collins_104_13Apr2019.jpeg,Peru
705,/Users/mattvalko/Documents/Thesis_Data/Peru/HUT/Bursgrav_HUT_Collins_059_04Apr2019.jpeg,Peru
706,/Users/mattvalko/Documents/Thesis_Data/Peru/HUT/Bursgrav_HUT_Collins_115_15Apr2019.jpeg,Peru
707,/Users/mattvalko/Documents/Thesis_Data/Peru/HUT/Bursgrav_HUT_Collins_103_13Apr2019.jpeg,Peru
708,/Users/mattvalko/Documents/Thesis_Data/Peru/HUT/Bursgrav_HUT_Collins_026_01Apr2019.jpeg,Peru
709,/Users/mattvalko/Documents/Thesis_Data/Peru/HUT/Bursgrav_HUT_Collins_033_01Apr2019.jpeg,Peru
710,/Users/mattvalko/Documents/Thesis_Data/Peru/HUT/Bursgrav_HUT_Sagastegui_11474_03May1984.jpeg,Peru
711,/Users/mattvalko/Documents/Thesis_Data/Peru/HUT/Bursgrav_HUT_Collins_039_02Apr2019.jpeg,Peru
712,/Users/mattvalko/Documents/Thesis_Data/Peru/HUT/Bursgrav_HUT_Sagastegui_9958_04Apr1981.jpeg,Peru
713,/Users/mattvalko/Documents/Thesis_Data/Peru/HUT/Bursgrav_HUT_Collins_038_02Apr2019.jpeg,Peru
714,/Users/mattvalko/Documents/Thesis_Data/Peru/HUT/Bursgrav_HUT_Collins_084_09Apr2019.jpeg,Peru
715,/Users/mattvalko/Documents/Thesis_Data/Peru/HUT/Bursgrav_HUT_Collins_114_15Apr2019.jpeg,Peru
716,/Users/mattvalko/Documents/Thesis_Data/Peru/HUT/Bursgrav_HUT_Collins_085_10Apr2019.jpeg,Peru
717,/Users/mattvalko/Documents/Thesis_Data/Peru/HUT/Bursgrav_HUT_Collins_041_02Apr2019.jpeg,Peru
718,/Users/mattvalko/Documents/Thesis_Data/Peru/HUT/Bursgrav_HUT_Collins_113_15Apr2019.jpeg,Peru
719,/Users/mattvalko/Documents/Thesis_Data/Peru/HUT/Bursgrav_HUT_Collins_083_09Apr2019.jpeg,Peru
720,/Users/mattvalko/Documents/Thesis_Data/Peru/HUT/Bursgrav_HUT_Collins_105_13Apr2019.jpeg,Peru
721,/Users/mattvalko/Documents/Thesis_Data/Peru/HUT/Bursgrav_HUT_Collins_022_01Apr2019.jpeg,Peru
722,/Users/mattvalko/Documents/Thesis_Data/Peru/HUT/Bursgrav_HUT_Collins_081_09Apr2019.jpeg,Peru
723,/Users/mattvalko/Documents/Thesis_Data/Peru/HUT/Bursgrav_HUT_Angulo_1176_15Apr1949_sheet1.jpeg,Peru
724,/Users/mattvalko/Documents/Thesis_Data/Peru/HUT/Bursgrav_HUT_Collins_025_01Apr2019.jpeg,Peru
725,/Users/mattvalko/Documents/Thesis_Data/Peru/HUT/Bursgrav_HUT_Collins_079_09Apr2019.jpeg,Peru
726,/Users/mattvalko/Documents/Thesis_Data/Peru/HUT/Bursgrav_HUT_Collins_087_10Apr2019.jpeg,Peru
727,/Users/mattvalko/Documents/Thesis_Data/Peru/HUT/Bursgrav_HUT_Collins_116_15Apr2019.jpeg,Peru
728,/Users/mattvalko/Documents/Thesis_Data/Peru/HUT/Bursgrav_HUT_Weigend_MW 6_272_01May2006.jpeg,Peru
729,/Users/mattvalko/Documents/Thesis_Data/Peru/HUT/Bursgrav_HUT_Collins_042_02Apr2019.jpeg,Peru
730,/Users/mattvalko/Documents/Thesis_Data/Peru/HUT/Bursgrav_HUT_Collins_117_15Apr2019.jpeg,Peru
731,/Users/mattvalko/Documents/Thesis_Data/Peru/HUT/Bursgrav_HUT_Collins_031_01Apr2019.jpeg,Peru
732,/Users/mattvalko/Documents/Thesis_Data/Peru/HUT/Bursgrav_HUT_Angulo_1898_22May1953.jpeg,Peru
733,/Users/mattvalko/Documents/Thesis_Data/Peru/HUT/Bursgrav_HUT_Collins_106_13Apr2019.jpeg,Peru
734,/Users/mattvalko/Documents/Thesis_Data/Peru/HUT/Bursgrav_HUT_Collins_071_05Apr2019.jpeg,Peru
735,/Users/mattvalko/Documents/Thesis_Data/Peru/HUT/Bursgrav_HUT_Collins_080_09Apr2019.jpeg,Peru
736,/Users/mattvalko/Documents/Thesis_Data/Peru/HUT/Bursgrav_HUT_Sanchez_3468_25May2013.jpeg,Peru
737,/Users/mattvalko/Documents/Thesis_Data/Peru/HUT/Bursgrav_HUT_Collins_088_12Apr2019.jpeg,Peru
738,/Users/mattvalko/Documents/Thesis_Data/Peru/HUT/Bursgrav_HUT_Collins_046_03Apr2019.jpeg,Peru
739,/Users/mattvalko/Documents/Thesis_Data/Peru/HUT/Bursgrav_HUT_Collins_095_12Apr2019.jpeg,Peru
740,/Users/mattvalko/Documents/Thesis_Data/Peru/HUT/Bursgrav_HUT_Collins_018_01Apr2019.jpeg,Peru
741,/Users/mattvalko/Documents/Thesis_Data/Peru/HUT/Bursgrav_HUT_Collins_054_03Apr2019.jpeg,Peru
742,/Users/mattvalko/Documents/Thesis_Data/Peru/HUT/Bursgrav_HUT_Collins_102_12Apr2019.jpeg,Peru
743,/Users/mattvalko/Documents/Thesis_Data/Peru/HUT/Bursgrav_HUT_Collins_125_19Apr2019.jpeg,Peru
744,/Users/mattvalko/Documents/Thesis_Data/Peru/HUT/Bursgrav_HUT_Collins_048_03Apr2019.jpeg,Peru
745,/Users/mattvalko/Documents/Thesis_Data/Peru/HUT/Bursgrav_HUT_Angulo_1176_15Apr1949_sheet2.jpeg,Peru
746,/Users/mattvalko/Documents/Thesis_Data/Peru/HUT/Bursgrav_HUT_Collins_108_14Apr2019.jpeg,Peru
747,/Users/mattvalko/Documents/Thesis_Data/Peru/HUT/Bursgrav_HUT_Collins_122_15Apr2019.jpeg,Peru
748,/Users/mattvalko/Documents/Thesis_Data/Peru/HUT/Bursgrav_HUT_Collins_055_03Apr2019.jpeg,Peru
749,/Users/mattvalko/Documents/Thesis_Data/Peru/HUT/Bursgrav_HUT_Sagastegui_12454_02Feb1985.jpeg,Peru
750,/Users/mattvalko/Documents/Thesis_Data/Peru/HUT/Bursgrav_HUT_Collins_016_01Apr2019.jpeg,Peru
751,/Users/mattvalko/Documents/Thesis_Data/Peru/HUT/Bursgrav_HUT_Gutierrez_SP-10_20Mar2019.jpeg,Peru
752,/Users/mattvalko/Documents/Thesis_Data/Peru/HUT/Bursgrav_HUT_Collins_107_14Apr2019.jpeg,Peru
753,/Users/mattvalko/Documents/Thesis_Data/Peru/HUT/Bursgrav_HUT_Collins_052_03Apr2019.jpeg,Peru
754,/Users/mattvalko/Documents/Thesis_Data/Peru/HUT/Bursgrav_HUT_Collins_064_04Apr2019.jpeg,Peru
755,/Users/mattvalko/Documents/Thesis_Data/Peru/HUT/Bursgrav_HUT_Collins_050_03Apr2019.jpeg,Peru
756,/Users/mattvalko/Documents/Thesis_Data/Peru/HUT/Bursgrav_HUT_Collins_129_19Apr2019.jpeg,Peru
757,/Users/mattvalko/Documents/Thesis_Data/Peru/HUT/Bursgrav_HUT_Collins_110_14Apr2019.jpeg,Peru
758,/Users/mattvalko/Documents/Thesis_Data/Peru/HUT/Bursgrav_HUT_Angulo_2101_30Dec1953.jpeg,Peru
759,/Users/mattvalko/Documents/Thesis_Data/Peru/HUT/Bursgrav_HUT_Collins_091_12Apr2019.jpeg,Peru
760,/Users/mattvalko/Documents/Thesis_Data/Peru/HUT/Bursgrav_HUT_Collins_101_12Apr2019.jpeg,Peru
761,/Users/mattvalko/Documents/Thesis_Data/Peru/HUT/Bursgrav_HUT_Collins_003_30Mar2019.jpeg,Peru
762,/Users/mattvalko/Documents/Thesis_Data/Peru/HUT/Bursgrav_HUT_Collins_100_12Apr2019.jpeg,Peru
763,/Users/mattvalko/Documents/Thesis_Data/Peru/HUT/Bursgrav_HUT_Collins_127_19Apr2019.jpeg,Peru
764,/Users/mattvalko/Documents/Thesis_Data/Peru/HUT/Bursgrav_HUT_Collins_132_19Apr2019.jpeg,Peru
765,/Users/mattvalko/Documents/Thesis_Data/Peru/HUT/Bursgrav_HUT_Collins_044_03Apr2019.jpeg,Peru
766,/Users/mattvalko/Documents/Thesis_Data/Peru/HUT/Bursgrav_HUT_Collins_015_01Apr2019.jpeg,Peru
767,/Users/mattvalko/Documents/Thesis_Data/Peru/HUT/Bursgrav_HUT_Collins_076_08Apr2019.jpeg,Peru
768,/Users/mattvalko/Documents/Thesis_Data/Peru/AAU/Bursgrav_AAU_Brandbyge_222_22Feb1987.JPG,Peru
769,/Users/mattvalko/Documents/Thesis_Data/Peru/QCNE/Bursgrav_QCNE_Leiva_15191_12May1994.jpeg,Peru
770,/Users/mattvalko/Documents/Thesis_Data/Peru/QCNE/Bursgrav_QCNE_Sagastegui_15488_10Feb1995.jpeg,Peru
771,/Users/mattvalko/Documents/Thesis_Data/Peru/NY/Bursgrav_NY_Sagastegui_11474_3May1984.jpg,Peru
772,/Users/mattvalko/Documents/Thesis_Data/Peru/NY/Bursgrav_NY_Sagastegui_11474_dup_3May1984.jpg,Peru
773,/Users/mattvalko/Documents/Thesis_Data/Peru/NY/Bursgrav_NY_Gentry_22543_9June1978.jpg,Peru
774,/Users/mattvalko/Documents/Thesis_Data/Peru/NY/Bursgrav_NY_Sagastegui_15191_12May1994.jpg,Peru
775,/Users/mattvalko/Documents/Thesis_Data/Peru/NY/Bursgrav_NY_Ferreyra_5993_23Apr1949.jpg,Peru
776,/Users/mattvalko/Documents/Thesis_Data/Peru/NY/Bursgrav_NY_Haught_135_n.d.jpg,Peru
777,/Users/mattvalko/Documents/Thesis_Data/Peru/NY/Bursgrav_NY_Diaz_2187_23Oct1986.jpg,Peru
778,/Users/mattvalko/Documents/Thesis_Data/Peru/NY/Bursgrav_NY_Sagastegui_12454_02Feb1985.jpg,Peru
779,/Users/mattvalko/Documents/Thesis_Data/Peru/NY/Bursgrav_NY_Ferreyra_10729_27Apr1955.jpg,Peru
780,/Users/mattvalko/Documents/Thesis_Data/Peru/NY/Bursgrav_NY_Sagastegui_15488_10Feb1995.jpg,Peru
781,/Users/mattvalko/Documents/Thesis_Data/Peru/NY/Bursgrav_NY_Espinosa_1209_9Jan1947.jpg,Peru
782,/Users/mattvalko/Documents/Thesis_Data/Peru/NY/Bursgrav_NY_Cerrate_5223_Jul1972.jpg,Peru
783,/Users/mattvalko/Documents/Thesis_Data/Peru/E/Bursgrav_E_Pennington_1745_14Mar2006.jpg,Peru
784,/Users/mattvalko/Documents/Thesis_Data/Peru/P/Bursgrav_P_Emperaire_5061_30Mar1989.jpeg,Peru
785,/Users/mattvalko/Documents/Thesis_Data/Peru/P/Bursgrav_P_Emperaire_5257_06Apr1989.jpeg,Peru
787,/Users/mattvalko/Documents/Thesis_Data/Ecuador (mainland)/CAS/Bursgrav_CAS_Wiggins_18862_03Mar1964.jpg,Ecuador (mainland)
788,/Users/mattvalko/Documents/Thesis_Data/Ecuador (mainland)/US/Bursgrav_US_Little_6585_13Jun1943.jpg,Ecuador (mainland)
789,/Users/mattvalko/Documents/Thesis_Data/Ecuador (mainland)/US/Bursgrav_US_Samaniego_007_4Aug1975.jpg,Ecuador (mainland)
790,/Users/mattvalko/Documents/Thesis_Data/Ecuador (mainland)/US/Bursgrav_US_Holm-Nielsen_28908_5Dec1980.jpg,Ecuador (mainland)
791,/Users/mattvalko/Documents/Thesis_Data/Ecuador (mainland)/US/Bursgrav_US_HarlingandAndersson_24833_4May1985.jpg,Ecuador (mainland)
792,/Users/mattvalko/Documents/Thesis_Data/Ecuador (mainland)/US/Bursgrav_US_Mille_780_1933.jpg,Ecuador (mainland)
793,/Users/mattvalko/Documents/Thesis_Data/Ecuador (mainland)/US/Bursgrav_US_Eggers_15774_12Apr1897.jpg,Ecuador (mainland)
794,/Users/mattvalko/Documents/Thesis_Data/Ecuador (mainland)/US/Bursgrav_US_Svenson_11338_19Mar1941.jpg,Ecuador (mainland)
795,/Users/mattvalko/Documents/Thesis_Data/Ecuador (mainland)/US/Bursgrav_US_Clark_6196_29Jan2001.jpg,Ecuador (mainland)
796,/Users/mattvalko/Documents/Thesis_Data/Ecuador (mainland)/TEX/Bursgrav_TEX_Escobar_914_23Nov1978.jpg,Ecuador (mainland)
797,/Users/mattvalko/Documents/Thesis_Data/Ecuador (mainland)/MO/Bursgrav_MO_Dodson_11380_19Sept1981.jpg,Ecuador (mainland)
798,/Users/mattvalko/Documents/Thesis_Data/Ecuador (mainland)/MO/Bursgrav_MO_Dodson_13867_24May1983.jpg,Ecuador (mainland)
799,/Users/mattvalko/Documents/Thesis_Data/Ecuador (mainland)/MO/Bursgrav_MO_Holm-Nielsen_2183_19Mar1973.jpg,Ecuador (mainland)
800,/Users/mattvalko/Documents/Thesis_Data/Ecuador (mainland)/MO/Bursgrav_MO_Dodson_12356_11Feb1982.jpg,Ecuador (mainland)
801,/Users/mattvalko/Documents/Thesis_Data/Ecuador (mainland)/MO/Bursgrav_MO_Holm-Nielsen_2538_26Mar1973.jpg,Ecuador (mainland)
802,/Users/mattvalko/Documents/Thesis_Data/Ecuador (mainland)/MO/Bursgrav_MO_Madsen_7761_29Apr2001.jpg,Ecuador (mainland)
803,/Users/mattvalko/Documents/Thesis_Data/Ecuador (mainland)/MO/Bursgrav_MO_Palacios_5165_27May1990.jpg,Ecuador (mainland)
804,/Users/mattvalko/Documents/Thesis_Data/Ecuador (mainland)/MO/Bursgrav_MO_Ceron_11681_2Aug1990.jpg,Ecuador (mainland)
805,/Users/mattvalko/Documents/Thesis_Data/Ecuador (mainland)/MO/Bursgrav_MO_Rubio_2463_s.d.jpg,Ecuador (mainland)
806,/Users/mattvalko/Documents/Thesis_Data/Ecuador (mainland)/MO/Bursgrav_MO_Freire_1098_1Mar1988.jpg,Ecuador (mainland)
807,/Users/mattvalko/Documents/Thesis_Data/Ecuador (mainland)/U/Bursgrav_U_Holm-Nielsen_28908_05Dec1980.jpg,Ecuador (mainland)
808,/Users/mattvalko/Documents/Thesis_Data/Ecuador (mainland)/U/Bursgrav_U_Pennington_10538_16Oct1982.jpg,Ecuador (mainland)
809,/Users/mattvalko/Documents/Thesis_Data/Ecuador (mainland)/U/Bursgrav_U_Holm-Nielsen_2538_26Mar1973.jpg,Ecuador (mainland)
810,/Users/mattvalko/Documents/Thesis_Data/Ecuador (mainland)/U/Bursgrav_U_Little_6575_06Jun1943.jpg,Ecuador (mainland)
811,/Users/mattvalko/Documents/Thesis_Data/Ecuador (mainland)/U/Bursgrav_U_Pennington_10540_16Oct1982.jpg,Ecuador (mainland)
812,/Users/mattvalko/Documents/Thesis_Data/Ecuador (mainland)/AAU/Bursgrav_AAU_Madsen_74006_21Apr1984.JPG,Ecuador (mainland)
813,/Users/mattvalko/Documents/Thesis_Data/Ecuador (mainland)/AAU/Bursgrav_AAU_Vivar_1597_28May1982.JPG,Ecuador (mainland)
814,/Users/mattvalko/Documents/Thesis_Data/Ecuador (mainland)/AAU/Bursgrav_AAU_Cornejo_1733_18Feb1994.JPG,Ecuador (mainland)
815,/Users/mattvalko/Documents/Thesis_Data/Ecuador (mainland)/AAU/Bursgrav_AAU_Harling_16062_28Jan1980.JPG,Ecuador (mainland)
816,/Users/mattvalko/Documents/Thesis_Data/Ecuador (mainland)/AAU/Bursgrav_AAU_Cornejo_5596_19Apr1997.JPG,Ecuador (mainland)
817,/Users/mattvalko/Documents/Thesis_Data/Ecuador (mainland)/AAU/Bursgrav_AAU_Madsen_50193_16Feb1984.JPG,Ecuador (mainland)
818,/Users/mattvalko/Documents/Thesis_Data/Ecuador (mainland)/AAU/Bursgrav_AAU_Rubio_2463_s.d.jpg.JPG,Ecuador (mainland)
819,/Users/mattvalko/Documents/Thesis_Data/Ecuador (mainland)/AAU/Bursgrav_AAU_Jaramillo_8577_22May1986.jpg.JPG,Ecuador (mainland)
820,/Users/mattvalko/Documents/Thesis_Data/Ecuador (mainland)/AAU/Bursgrav_AAU_Holm-Nielsen_2183_19Mar1973.JPG,Ecuador (mainland)
821,/Users/mattvalko/Documents/Thesis_Data/Ecuador (mainland)/AAU/Bursgrav_AAU_Madsen_7761_29Apr2001.JPG,Ecuador (mainland)
822,/Users/mattvalko/Documents/Thesis_Data/Ecuador (mainland)/AAU/Bursgrav_AAU_Holm-Nielsen_28908_5Dec1980.jpg.JPG,Ecuador (mainland)
823,/Users/mattvalko/Documents/Thesis_Data/Ecuador (mainland)/AAU/Bursgrav_AAU_Madsen_63802_7Jul1987.JPG,Ecuador (mainland)
824,/Users/mattvalko/Documents/Thesis_Data/Ecuador (mainland)/AAU/Bursgrav_AAU_Freire_1098_1Mar1988.JPG,Ecuador (mainland)
825,/Users/mattvalko/Documents/Thesis_Data/Ecuador (mainland)/AAU/Bursgrav_AAU_Balslev_2253_20Feb1982.JPG,Ecuador (mainland)
826,/Users/mattvalko/Documents/Thesis_Data/Ecuador (mainland)/AAU/Bursgrav_AAU_Holm-Nielsen_2538_26Mar1973.JPG,Ecuador (mainland)
827,/Users/mattvalko/Documents/Thesis_Data/Ecuador (mainland)/QCNE/Bursgrav_QCNE_Pennington_10538_16Oct1982.jpeg,Ecuador (mainland)
828,/Users/mattvalko/Documents/Thesis_Data/Ecuador (mainland)/QCNE/Bursgrav_QCNE_Freire_12314_12Jul2017.jpeg,Ecuador (mainland)
829,/Users/mattvalko/Documents/Thesis_Data/Ecuador (mainland)/QCNE/Bursgrav_QCNE_Madsen_7761_29Mar2001.jpeg,Ecuador (mainland)
830,/Users/mattvalko/Documents/Thesis_Data/Ecuador (mainland)/QCNE/Bursgrav_QCNE_Pennington_10540_16Oct1982.jpeg,Ecuador (mainland)
831,/Users/mattvalko/Documents/Thesis_Data/Ecuador (mainland)/QCNE/Bursgrav_QCNE_Palacios_5165_27May1990.jpeg,Ecuador (mainland)
832,/Users/mattvalko/Documents/Thesis_Data/Ecuador (mainland)/QCNE/Bursgrav_QCNE_Nunez_130_18Aug1993.jpeg,Ecuador (mainland)
833,/Users/mattvalko/Documents/Thesis_Data/Ecuador (mainland)/QCNE/Bursgrav_QCNE_Miranda_63_2Nov1998.jpeg,Ecuador (mainland)
834,/Users/mattvalko/Documents/Thesis_Data/Ecuador (mainland)/QCNE/Bursgrav_QCNE_Dodson_17477_18Jul1988.jpeg,Ecuador (mainland)
835,/Users/mattvalko/Documents/Thesis_Data/Ecuador (mainland)/QCNE/Bursgrav_QCNE_Madsen_63802_7Jul1987.jpeg,Ecuador (mainland)
836,/Users/mattvalko/Documents/Thesis_Data/Ecuador (mainland)/QCNE/Bursgrav_QCNE_Madsen_74006_21Apr1984.jpeg,Ecuador (mainland)
837,/Users/mattvalko/Documents/Thesis_Data/Ecuador (mainland)/QCNE/Bursgrav_QCNE_Homeier_1312_31Mar2004.jpeg,Ecuador (mainland)
838,/Users/mattvalko/Documents/Thesis_Data/Ecuador (mainland)/QCNE/Bursgrav_QCNE_Clark_6196_29Jan2001.jpeg,Ecuador (mainland)
839,/Users/mattvalko/Documents/Thesis_Data/Ecuador (mainland)/QCNE/Bursgrav_QCNE_Rubio_2463_s.d.jpeg,Ecuador (mainland)
840,/Users/mattvalko/Documents/Thesis_Data/Ecuador (mainland)/NY/Bursgrav_NY_Holm-Nielsen_2538_26Mar1973.jpg,Ecuador (mainland)
841,/Users/mattvalko/Documents/Thesis_Data/Ecuador (mainland)/NY/Bursgrav_NY_Asplund_15185_16Jan1955.jpg,Ecuador (mainland)
842,/Users/mattvalko/Documents/Thesis_Data/Ecuador (mainland)/NY/Bursgrav_NY_Rubio_2463_s.d.jpg,Ecuador (mainland)
843,/Users/mattvalko/Documents/Thesis_Data/Ecuador (mainland)/NY/Bursgrav_NY_Holm-Nielsen_28908_5Dec1980.jpg,Ecuador (mainland)
844,/Users/mattvalko/Documents/Thesis_Data/Ecuador (mainland)/NY/Bursgrav_NY_Pennington_10540_16Oct1982.jpg,Ecuador (mainland)
845,/Users/mattvalko/Documents/Thesis_Data/Ecuador (mainland)/NY/Bursgrav_NY_Madsen_7761_29Apr2001.jpg,Ecuador (mainland)
846,/Users/mattvalko/Documents/Thesis_Data/Ecuador (mainland)/NY/Bursgrav_NY_Miranda_73_10Nov1998.jpg,Ecuador (mainland)
847,/Users/mattvalko/Documents/Thesis_Data/Ecuador (mainland)/NY/Bursgrav_NY_Holm-Nielsen_2183_19Mar1973.jpg,Ecuador (mainland)
848,/Users/mattvalko/Documents/Thesis_Data/Ecuador (mainland)/NY/Bursgrav_NY_Asplund_15935_4Apr1955.jpg,Ecuador (mainland)
849,/Users/mattvalko/Documents/Thesis_Data/Ecuador (mainland)/NY/Bursgrav_NY_Freire_1098_1Mar1988.jpg,Ecuador (mainland)
850,/Users/mattvalko/Documents/Thesis_Data/Ecuador (mainland)/NY/Bursgrav_NY_Jaramillo_8577_22May1986.jpg,Ecuador (mainland)
851,/Users/mattvalko/Documents/Thesis_Data/Ecuador (mainland)/NY/Bursgrav_NY_Miranda_63_2Nov1998.jpg,Ecuador (mainland)
852,/Users/mattvalko/Documents/Thesis_Data/Ecuador (mainland)/NY/Bursgrav_NY_Svenson_11338_19Mar1914.jpg,Ecuador (mainland)
853,/Users/mattvalko/Documents/Thesis_Data/Ecuador (mainland)/NY/Bursgrav_NY_Homeier_1312_31Mar2004.jpg,Ecuador (mainland)
854,/Users/mattvalko/Documents/Thesis_Data/Ecuador (mainland)/NY/Bursgrav_NY_Pennington_10538_16Oct1982.jpg,Ecuador (mainland)
855,/Users/mattvalko/Documents/Thesis_Data/Ecuador (mainland)/QCA/Bursgrav_QCA_Harling_22597_27Feb1985.jpeg,Ecuador (mainland)
856,/Users/mattvalko/Documents/Thesis_Data/Ecuador (mainland)/QCA/Bursgrav_QCA_Pennington_10538_16Oct1982.jpeg,Ecuador (mainland)
857,/Users/mattvalko/Documents/Thesis_Data/Ecuador (mainland)/QCA/Bursgrav_QCA_Jaramillo_31108_21Jul2010.jpeg,Ecuador (mainland)
858,/Users/mattvalko/Documents/Thesis_Data/Ecuador (mainland)/QCA/Bursgrav_QCA_Huttel_1459_09Jul1988.jpeg,Ecuador (mainland)
859,/Users/mattvalko/Documents/Thesis_Data/Ecuador (mainland)/QCA/Bursgrav_QCA_Pennington_10540_16Oct1982.jpeg,Ecuador (mainland)
860,/Users/mattvalko/Documents/Thesis_Data/Ecuador (mainland)/QCA/Bursgrav_QCA_Harling_24833_4May1985_sheet2.jpeg,Ecuador (mainland)
861,/Users/mattvalko/Documents/Thesis_Data/Ecuador (mainland)/QCA/Bursgrav_QCA_Madsen_74006_22Apr1988.jpeg,Ecuador (mainland)
862,/Users/mattvalko/Documents/Thesis_Data/Ecuador (mainland)/QCA/Bursgrav_QCA_Silva_s.n_13May1983.jpeg,Ecuador (mainland)
863,/Users/mattvalko/Documents/Thesis_Data/Ecuador (mainland)/QCA/Bursgrav_QCA_Jaramillo_26860_27Jun2008.jpeg,Ecuador (mainland)
864,/Users/mattvalko/Documents/Thesis_Data/Ecuador (mainland)/QCA/Bursgrav_QCA_RBu_2845_12Dec1997.jpeg,Ecuador (mainland)
865,/Users/mattvalko/Documents/Thesis_Data/Ecuador (mainland)/QCA/Bursgrav_QCA_Madsen_50193_16Feb1984.jpeg,Ecuador (mainland)
866,/Users/mattvalko/Documents/Thesis_Data/Ecuador (mainland)/QCA/Bursgrav_QCA_Perez_2658_23Feb2006.jpeg,Ecuador (mainland)
867,/Users/mattvalko/Documents/Thesis_Data/Ecuador (mainland)/QCA/Bursgrav_QCA_Harling_16062_28Jan1980.jpeg,Ecuador (mainland)
868,/Users/mattvalko/Documents/Thesis_Data/Ecuador (mainland)/QCA/Bursgrav_QCA_Freire_1098_01Mar1988.jpeg,Ecuador (mainland)
869,/Users/mattvalko/Documents/Thesis_Data/Ecuador (mainland)/QCA/Bursgrav_QCA_Harling_24833_4May1985_sheet1.jpeg,Ecuador (mainland)
870,/Users/mattvalko/Documents/Thesis_Data/Ecuador (mainland)/QCA/Bursgrav_QCA_Balslev_2253_20Feb1982.jpeg,Ecuador (mainland)
871,/Users/mattvalko/Documents/Thesis_Data/Ecuador (mainland)/QCA/Bursgrav_QCA_Iltis_223_09Jul1977.jpeg,Ecuador (mainland)
872,/Users/mattvalko/Documents/Thesis_Data/Ecuador (mainland)/QCA/Bursgrav_QCA_Carrion_320_May2012.jpeg,Ecuador (mainland)
873,/Users/mattvalko/Documents/Thesis_Data/Ecuador (mainland)/QCA/Bursgrav_QCA_Jaramillo_31120A_22Jul2010.jpeg,Ecuador (mainland)
874,/Users/mattvalko/Documents/Thesis_Data/Ecuador (mainland)/QCA/Bursgrav_QCA_Padilla_49_01Jul1975.jpeg,Ecuador (mainland)
875,/Users/mattvalko/Documents/Thesis_Data/Ecuador (mainland)/QCA/Bursgrav_QCA_AlbertdeEscobar_1255_15May1979.jpeg,Ecuador (mainland)
876,/Users/mattvalko/Documents/Thesis_Data/Ecuador (mainland)/QCA/Bursgrav_QCA_Aguirre_PMV-5003_09Feb2012.jpeg,Ecuador (mainland)
877,/Users/mattvalko/Documents/Thesis_Data/Ecuador (mainland)/L/Bursgrav_L_Madsen_7761_29Apr2001.jpg,Ecuador (mainland)
878,/Users/mattvalko/Documents/Thesis_Data/Cuba/US/Bursgrav_US_Leon_595_27Nov1908.jpg,Cuba
879,/Users/mattvalko/Documents/Thesis_Data/Cuba/US/Bursgrav_US_Howard_5457_Jun1941.jpg,Cuba
880,/Users/mattvalko/Documents/Thesis_Data/Cuba/US/Bursgrav_US_Wilson_9550_26Dec1910.jpg,Cuba
881,/Users/mattvalko/Documents/Thesis_Data/Cuba/US/Bursgrav_US_Acevedo-Rodriguez_5568_01Jul1993.jpg,Cuba
882,/Users/mattvalko/Documents/Thesis_Data/Cuba/US/Bursgrav_US_Maza_s.n._12Nov1913.jpg,Cuba
883,/Users/mattvalko/Documents/Thesis_Data/Cuba/NY/Bursgrav_NY_Wilson_9550_26Dec1910.jpg,Cuba
884,/Users/mattvalko/Documents/Thesis_Data/Cuba/NY/Bursgrav_NY_Howard_5457_Jun1941.jpg,Cuba
885,/Users/mattvalko/Documents/Thesis_Data/Cuba/P/Bursgrav_P_Howard_5457_Jun1941.jpeg,Cuba
887,/Users/mattvalko/Documents/Thesis_Data/El Salvador/US/Bursgrav_US_Allen_6939_21Sep1958.jpg,El Salvador
888,/Users/mattvalko/Documents/Thesis_Data/El Salvador/US/Bursgrav_US_Calderon_2186_1924.jpg,El Salvador
889,/Users/mattvalko/Documents/Thesis_Data/El Salvador/US/Bursgrav_US_Eyerdam_8757_16Aug1938.jpg,El Salvador
890,/Users/mattvalko/Documents/Thesis_Data/El Salvador/US/Bursgrav_US_Calderon_1224_1922.jpg,El Salvador
891,/Users/mattvalko/Documents/Thesis_Data/El Salvador/MO/Bursgrav_MO_Renderos_693_05May1999.jpg,El Salvador
892,/Users/mattvalko/Documents/Thesis_Data/El Salvador/MO/Bursgrav_MO_Montalvo_6259_27May1993.jpg,El Salvador
893,/Users/mattvalko/Documents/Thesis_Data/El Salvador/MO/Bursgrav_MO_Carballo_JBL04249_12Oct2000.jpg,El Salvador
894,/Users/mattvalko/Documents/Thesis_Data/El Salvador/MO/Bursgrav_MO_Monro_3105_27Nov1999.jpg,El Salvador
895,/Users/mattvalko/Documents/Thesis_Data/El Salvador/MO/Bursgrav_MO_Monterrosa_1860_30Sep2009.jpg,El Salvador
896,/Users/mattvalko/Documents/Thesis_Data/El Salvador/MO/Bursgrav_MO_Carballo_295_22Apr2002.jpg,El Salvador
897,/Users/mattvalko/Documents/Thesis_Data/El Salvador/NY/Bursgrav_NY_Calderon_2186_1924.jpg,El Salvador
898,/Users/mattvalko/Documents/Thesis_Data/El Salvador/NY/Bursgrav_NY_Calderon_1224_1922.jpg,El Salvador
899,/Users/mattvalko/Documents/Thesis_Data/El Salvador/NY/Bursgrav_NY_Allen_6939_21Sep1958.jpg,El Salvador
900,/Users/mattvalko/Documents/Thesis_Data/El Salvador/MEXU/Bursgrav_MEXU_Linares_8080_20Sep2004.jpg,El Salvador
901,/Users/mattvalko/Documents/Thesis_Data/El Salvador/MEXU/Bursgrav_MEXU_Linares_7401_01Jun2004.jpg,El Salvador
902,/Users/mattvalko/Documents/Thesis_Data/El Salvador/MEXU/Bursgrav_MEXU_Monro_3105_27Nov1999.jpg,El Salvador
903,/Users/mattvalko/Documents/Thesis_Data/El Salvador/K/Bursgrav_K_Eyerdam_8757_16Aug1938.jpg,El Salvador
